battery_cycle_count,average_cpu_temp_c,disk_read_error_rate,device_age_months
112,44.00970159882393,0.00233241488176712,32
445,65.35559255137593,0.07257991554851247,14
870,45.64881676810602,0.012502696763982097,27
280,63.49120634665865,0.017607094149710924,25
116,74.38926719024334,0.041462094115811705,13
81,73.60606416192304,0.05680918130698235,21
710,78.43203418248258,0.007658324379551784,45
30,45.525167461368326,0.025415575803772975,31
624,77.82314824076539,0.07749396844594857,37
131,58.10458728839393,0.020987437342475657,43
476,63.144664875952444,0.02504401160505175,5
224,89.76320272751694,0.06691987924944268,13
340,40.523763439513914,0.0040171545352364205,28
468,74.12793273375512,0.03716905350471767,43
97,74.72541084580624,0.03036934115613362,25
382,63.0062670279266,0.02532694079269209,35
109,53.7476157122835,0.022855967523581162,47
881,53.61109421916996,0.007309928388832736,39
673,91.25516084032365,0.025186066348131905,7
140,65.63741367940574,0.0034441922172534856,38
671,59.19158305337197,0.06247710909155482,32
318,66.02909928222138,0.031858223516640936,3
779,78.82464328464296,0.03551230658559293,45
353,48.4538809581956,0.07148756691601053,39
501,66.06716244239679,0.05264439870889766,37
423,74.09729352440245,0.0006447282673695831,22
815,95.01783458138316,0.0754539858369028,8
395,54.646611360374315,0.018971557278216897,17
201,60.83654337914224,0.008609134780788707,27
286,62.002798215500576,0.06145025427047058,33
170,75.12121314340321,0.04003818526933745,46
469,60.690459076320096,0.03470164528144141,17
323,70.94369166738234,0.019960246374619343,42
31,85.3438391310117,0.04379771918898549,12
262,80.91236445850781,0.021950768416206995,46
757,65.88938149772996,0.0721266404229654,27
866,90.1245383051018,0.017216358378655424,8
570,72.37213447644405,0.07074841203646029,23
484,71.31453869112832,0.04475243405818856,42
68,41.98289042447117,0.06627905071161928,29
520,97.22819286071537,0.057027679668876397,20
691,47.13230689471835,0.05573560891493989,16
485,53.4055929208035,0.02594766461560446,17
709,42.998416560008565,0.018711754517776277,16
792,77.120172076541,0.01687089821446305,19
199,53.03266826441544,0.0685753325647671,8
696,50.44060537341796,0.0656341456207216,38
572,45.136223884948,0.035245882240984586,38
885,45.99191951319291,0.010592369079716368,29
576,73.91090062567015,0.03058018015819667,41
253,79.91605622026253,0.04954747633095291,36
841,63.04798133093526,0.036352252358396224,26
514,67.83403073234025,0.0624151414786396,31
140,79.78612868701308,0.07980982578011084,44
494,41.00802783075782,0.015290567075911747,12
828,58.741578110076155,0.03677206557276579,17
656,96.43966938808009,0.03447871215366576,15
30,73.64650932233715,0.024359402619916065,9
850,54.745025634054606,0.015847641337623168,39
176,70.26034270490037,0.005255369319172738,42
283,59.87390231101309,0.07096954537789588,12
397,70.87020935192535,0.03358789581490541,32
610,47.293007684785636,0.03975164148000391,25
325,47.697449921518086,0.07335536385607327,39
23,48.325456998284785,0.06210323820127583,18
251,94.50954793175681,0.010440101129374737,15
786,82.50813726379782,0.04523359740861939,32
355,49.41814989041461,0.035380182121564734,6
574,50.924246858404885,0.06377688580630102,44
907,82.38810954251083,0.057938603808955935,43
349,49.05750299794609,0.05523245775288576,35
101,53.60455501342006,0.027243586838391752,34
376,95.87411630358314,0.06439709843194036,38
464,54.807778434249045,0.004191303647588898,5
437,78.37467632152651,0.01276999211457338,18
518,96.76061466923076,0.026849861838232937,16
785,61.70921249410797,0.006144595285542502,8
44,41.01592746999961,0.018799542202775327,25
215,54.160542844497705,0.06641207863983345,32
90,88.19087709781891,0.07586012302320634,26
941,90.14731248539212,0.02436818846193524,22
571,84.57412314237989,0.02116126431910706,31
881,46.56036950644123,0.022391412179714153,43
397,86.13960155839138,0.022217526988067508,10
11,93.28331222562325,0.0028744145748778394,12
399,74.8353534676817,0.07415330770648865,28
575,94.57077066760776,0.01709585132562627,6
115,87.9566552552889,0.033600325926512395,20
781,78.68434798547263,0.0007749506192774192,5
831,73.4767437292814,0.06863640727320458,23
486,60.217272700034286,0.058492587556393374,9
712,49.2386718240827,0.07574048281389625,29
411,75.08732751605137,0.06252923833571193,16
739,58.45047010985093,0.02509652096416522,46
565,90.25344271660343,0.01982986869827389,22
171,97.61354236680046,0.055817304604263436,8
211,83.64081023170321,0.029129022000839954,20
279,45.24793832664894,0.04529720126020933,14
872,56.74376454077701,0.0005005976821176183,39
825,46.328358642413484,0.00495085613443802,37
280,77.72967557191951,0.0428294352945321,34
465,84.38107014423551,0.045285731715853206,11
471,93.68914019108128,0.06011623555674749,40
736,65.41399609189529,0.01055722556991694,33
261,92.27978767612977,0.041054646700542305,31
711,90.917687224397,0.015555811554535089,44
305,58.39735157239312,0.007455689565015576,34
734,90.39623628135313,0.03283966352484437,7
729,61.788990609140136,0.01306693184712458,23
758,57.218417924496286,0.01774255825538549,46
347,77.6463302100748,0.025404366389560142,7
888,59.046111217334705,0.0207510720594557,25
62,76.55210740309036,0.007007303792475712,3
801,75.37024471892428,0.007193299588776183,38
931,72.6794577862106,0.015459953218733453,20
226,62.06434284550227,0.004044735036763117,34
773,71.81298385578565,0.05011656157415417,44
197,74.59615754915446,0.02298613732071216,44
389,71.64983953273746,0.022379677421525683,30
502,65.7763282595697,0.026559863539021213,17
50,40.8506893086833,0.05302370193677773,10
166,74.04957904666675,0.06965071051867924,35
24,49.76977433827774,0.06072695460445107,20
822,77.26940619893699,0.0582023384180076,18
74,84.04197101952623,0.03875129484806794,45
866,69.025827929583,0.055504444557392944,44
848,71.45709256882482,0.04422098944268665,27
530,95.18575646062749,0.017300042254922314,36
353,89.13570695960931,0.016687069419284058,23
138,93.02571792518526,0.023711360550022677,32
657,87.19844472253601,0.07286421367758507,10
481,46.31726382711042,0.04379318723037807,11
72,48.64152764627129,0.058712430160149556,38
148,70.54418024159966,0.027724700785323807,6
508,54.2720402102839,0.03261726165321802,41
602,67.64833755238723,0.01004524629098011,47
401,62.873188781464314,0.01370359662573363,34
684,71.8660258289663,0.06618852438609164,36
428,83.31879153587772,0.04678709053511056,37
298,81.49847261175792,0.027002597270705513,17
388,70.2315796841494,0.06422809671964368,40
782,87.69881829138937,0.01972159245103864,40
499,64.99000130920594,0.07808261588801631,12
240,92.0094288107271,0.02758540861969358,21
50,44.134255663199504,0.026984876332098208,40
37,95.37028174193183,0.024952952442936417,19
144,77.9721987230182,0.009768921273943035,3
210,62.044321518357904,0.008890971786560993,18
849,51.43493934122689,0.051848402762729874,19
789,67.7926273077288,0.07000944356464377,47
939,51.284382744747454,0.06324164082173388,6
42,49.64723324910224,0.011288607521708087,16
57,75.8064019299525,0.04364656974336532,8
512,70.3389140257435,0.0084473236781312,18
416,78.86557000743461,0.003623571489046196,43
583,93.91714089047537,0.05251086875078138,39
737,70.87109237366433,0.042812186694428024,12
814,73.69405908924227,0.0065618948169176685,45
108,45.19832767098664,0.0027951397124790756,10
693,81.62287558270052,0.07918051307274677,7
881,63.19450199464106,0.0024017065719257502,46
735,96.65006384242957,0.035562260244012774,1
556,87.7440929045483,0.040369521968615645,36
748,70.30390034993486,0.009382411824035604,21
622,47.14691394198563,0.013524942275177301,37
471,89.84611601027417,0.0281444005128282,24
652,86.38730353459326,0.060934070097093014,25
778,50.705937513147916,0.040566593924821336,7
14,57.12614077477799,0.051032149964236925,42
227,86.01762097257456,0.07881396440725398,17
512,50.74324989974976,0.061440434825056775,29
776,93.22964437193988,0.03474891985129742,30
407,64.62259066138898,0.0357153537437239,7
880,45.0482598300842,0.0495017661632804,33
804,87.31342132324829,0.053229216673512346,7
402,61.66356161622648,0.04005687406693371,24
216,70.5369532609193,0.0515888978251984,11
24,46.51365197585071,0.0018825995531279018,9
867,40.14987286100898,0.03436982911174753,12
563,77.00314193601126,0.02231504608587814,35
901,69.88015987935643,0.010333955619448831,4
470,74.42523700914253,0.007963721024702011,36
700,86.03714332206995,0.0482553732491734,28
584,77.50314297852589,0.04188804377220894,13
873,50.13685968398788,0.020286729359709536,23
752,60.92480610841479,0.03767600470180116,19
250,92.5416840776901,0.039378585214592664,42
573,84.65679261459738,0.015600718435089264,37
105,72.2849493603296,0.05216744495053205,39
909,54.82740987293779,0.06247354851088724,24
743,57.51950910641811,0.06331708327116152,16
494,82.4535679199668,0.048197586456276406,33
416,89.36810712946071,0.04093108660152112,12
240,78.94263083277563,0.004880571440431592,34
758,86.95273859456962,0.02302650390812847,7
664,84.46605584162354,0.007461715742253592,11
180,48.68283014150355,0.0771058528702779,31
550,64.58879914897152,0.010806411698060856,29
45,48.873060448056634,0.012142032788088165,13
534,53.64366391851512,0.07116612946643938,31
169,90.41705822976105,0.07551426267811663,2
848,67.42773400672456,0.06126632313879279,39
708,71.05076990687434,0.00043239389381358965,15
252,50.34986598321078,0.000107701676525096,11
95,58.11176359083017,0.030248061582996064,34
805,53.35427776881646,0.011471629600871404,39
587,51.95879754206873,0.0014708913721277828,4
691,77.00172601232627,0.03712533515236038,11
566,54.89926316345146,0.07544495179255772,29
583,76.65689818918428,0.025905565992194513,2
655,43.390367618296125,0.052891254274295724,16
805,48.22291482457191,0.05217882825059526,39
37,55.92333473200727,0.020086408293213422,13
629,74.62872117995012,0.05203401990590915,37
565,79.19879221506781,0.016986717942951302,17
349,65.67758407321257,0.009760593086151124,21
807,65.85587304547929,0.05611066284477521,44
340,82.02197738111985,0.009075265368313339,19
649,40.917623322403784,0.07975273748714842,7
515,59.78322141950479,0.014676192092018345,38
357,87.4850093129155,0.0475313490205166,8
482,74.9867257923756,0.03290996571300715,13
240,59.55917369981438,0.01011091379245337,37
199,92.52043795512108,0.002227512606193072,2
234,84.81211819206419,0.04981858258342666,41
394,55.36393593973054,0.06454060510313009,11
386,77.42681057649158,0.06736125292053952,24
292,74.5535422349595,0.03861707784615476,6
642,63.268899014260995,0.062196437374590845,26
637,61.28345259387844,0.05382777067908358,7
754,59.926507536990826,0.05794036219993066,39
268,75.79503543694751,0.03940792041774513,19
368,65.65977631587883,0.05067293921937017,6
719,88.24806056858247,0.06444207308608456,43
465,78.83695173576979,0.03183073404456185,29
420,44.05603313114718,0.0644783120694067,43
658,77.12975698203363,0.04736134742312503,39
327,55.72655131701072,0.0132720819496629,2
686,74.38309551589852,0.001974732577966769,19
234,79.44765200400018,0.029020288031932163,4
828,53.3880929709327,0.04373570626370719,6
243,66.49780140306139,0.06718562817627907,37
693,51.03884204350593,0.010198854411219696,28
673,43.03565479561748,0.06401650781468633,30
836,61.95163256218041,0.06904072368537816,7
383,61.05076776706753,0.012054998960066704,9
681,97.73786846084691,0.06812754554433752,25
617,65.88843636946325,0.07931628542742336,33
481,59.34703386938762,0.058147106483859005,1
242,73.66755038956713,0.06278157454599904,6
701,45.14850885825057,0.07955322140470987,18
122,95.77661268537916,0.04843850004207563,10
839,76.82768264427992,0.024630910561299953,28
506,83.78059355656917,0.06700246672608445,11
451,49.88772041408722,0.0491588622009305,33
573,63.74971547430182,0.046495633897676525,1
277,64.51596857697899,0.02029084444112306,13
519,87.66477374626304,0.06050674156663093,37
816,40.07172742604575,0.006533382068807701,20
395,57.44948028448879,0.0739429656635729,1
396,96.91170971196962,0.02606587686163878,3
122,67.54341952336068,0.010221972223199236,18
622,62.18652425415248,0.03538932264819351,41
634,46.95008211702349,0.0033975927405226524,14
90,96.5015484604249,0.05477009554119731,31
708,41.16152864369782,0.07221644083562849,27
122,82.7564530504201,0.0669810405710807,17
11,84.57878867773348,0.010189557875830486,46
651,54.13208953170427,0.010101690968618548,29
229,78.95038972955616,0.06507475858594113,36
575,45.389890374004615,0.07394034196824928,37
864,54.908741453060635,0.036853586386679134,26
745,85.69831532095137,0.03991768935310128,17
234,90.15179913794533,0.02546096331085807,22
394,75.2922119342679,0.07154120946051312,25
412,69.39662904558799,0.05159223242338848,2
647,49.23963319590086,0.02306012617338948,22
139,43.66032391859071,0.023902629684340128,5
62,46.8236436514664,0.07129600584508819,4
693,53.18672340557373,0.0010907219124657176,36
739,59.81712111002141,0.025818125818131074,6
681,62.09275247963726,0.04434853449730952,21
719,60.086662578162205,0.01185739696794597,13
425,53.86520926744141,0.007367900335967184,37
256,69.56400631159849,0.0652221064872448,25
845,87.86659427750801,0.07155235109188059,26
448,56.222805231345795,0.06588851366385516,39
212,94.65844710792952,0.07190303117898782,20
193,90.65352637998318,0.04424895768466972,33
132,49.38232425842236,0.06498064967922736,14
410,85.60400549191148,0.030723411071288034,36
776,73.32606817443046,0.05330142891832308,17
303,72.86137100594227,0.07910684251113316,21
289,62.680480257374114,0.018058217907130195,46
846,69.06687395255656,0.031191979703286448,16
893,63.03636909089424,0.03840379018480685,46
619,71.30449188807668,0.011041238961604138,16
207,76.42110306081288,0.006483088837204542,20
916,79.1096207717248,0.06637782930572995,29
520,70.88390916844672,0.0781435498262069,28
761,81.84247990506644,0.0323780051063727,8
153,48.194126857979334,0.007011986895572262,24
618,52.29498447232984,0.005264940855246119,3
210,87.48663023630766,0.0713054565088239,25
133,58.70662271509208,0.037105139978214394,19
196,41.32784184861497,0.025602185324991353,33
335,48.919886680745805,0.03811690169915196,2
473,52.96963720078605,0.025464327575387788,15
358,95.52472749788606,0.0391228620246096,22
780,73.23640287798926,0.06876451175343495,10
669,94.09838294762278,0.04738410968496765,18
773,73.35947432880424,0.055572301824814034,22
941,67.8025575279954,0.029173654098746928,46
412,58.19620608925757,0.0590804702808415,27
355,75.16951477713579,0.05332936679034979,13
520,48.07348542781673,0.009564959820164516,33
156,92.09917438297694,0.04581142824924677,5
157,88.10127949819446,0.020539479704780643,26
873,58.41682397685075,0.06432765357068743,13
720,95.26225660087508,0.03407501667735516,27
829,87.86164451010295,0.07957473321571898,14
498,78.6457993784323,0.007400035035117103,24
938,47.06219084526594,0.062427829019212684,3
945,67.73757333678819,0.053896138683372515,47
649,69.35423818111155,0.06139990644725644,30
560,53.48797878519205,0.024602383639236506,35
347,44.63799287283951,0.03936435915059205,14
881,85.04997056735817,0.06372068157789668,12
650,47.078033023214914,0.0186033065296684,28
788,74.46886353258293,0.018082655743092167,44
482,94.31405208525231,0.04408407626359459,29
160,90.81410117068647,0.04188508636238846,43
424,56.10965217745714,0.022580997633034627,17
307,89.38402097797339,0.02384605204198582,40
620,40.019285354988384,0.02222761305652524,21
272,41.02589295756892,0.06172096495987901,23
773,74.94808350288616,0.05215206924499685,20
153,61.15829671038271,0.06659337467282021,11
355,62.41472878723054,0.07803784226512175,34
633,72.73758325937519,0.03793314370175892,10
581,51.123382424327914,0.005335510512435908,10
890,52.281810338597744,0.0038473848329628347,43
11,68.10689204709415,0.023653203141729532,6
906,83.74670557194406,0.07460356714819608,36
313,75.93086958164008,0.04185704439766999,24
263,57.24659279773665,0.021742921286410335,12
661,64.95955629551743,0.031933343560881566,43
462,49.898555995899905,0.04788760859237367,23
46,44.32852923155074,0.052235972651027376,27
169,85.39637036316066,0.012313560782632403,45
18,55.39246973291529,0.07816253412361408,37
242,50.31045049537239,0.04358177815862311,6
108,80.11384722302051,0.010855065423382344,1
668,75.8469971086568,0.0714908202676907,6
825,76.72499830878091,0.005971074486354304,22
217,53.27588708110359,0.07261883465420102,41
140,53.4934412366355,0.0797252525031186,24
413,52.80655252756707,0.05603454393252031,25
161,50.07765054841308,0.061635777685919185,15
63,78.03197300857606,0.02698422691739891,26
129,89.18492134446528,0.07532614821871471,8
682,82.01041324124635,0.042377117288669414,24
929,85.94143075811151,0.05859107572780439,38
637,63.47830888694159,0.07392861727290236,6
596,77.93639613157589,0.07801439807804067,35
634,60.54570194579692,0.06665634852773394,42
429,70.47926807418112,0.0242414005585624,1
431,67.93482109902202,0.0773238013241666,46
113,50.25945441834355,0.05024956249948574,36
861,62.45056809946659,0.07445139810815679,12
263,95.90169197797636,0.054088402065148145,38
236,54.41765494746664,0.02457911694781764,11
121,47.76061670421034,0.029601961931425277,12
519,64.27767605418825,0.04403774216823524,42
482,85.83958867988859,0.06320118732479056,39
108,73.76459732723839,0.025438604107226793,7
162,79.49653997981818,0.046378493290735366,11
870,51.00230119413128,0.027649999486112124,36
923,75.89899519444785,0.06526155237080858,31
905,58.76302290486548,0.03733824750143604,33
887,88.38959522537651,0.006137826148230818,13
347,76.4993307486227,0.01328420171852291,18
715,51.533664110967166,0.004888373409570584,41
831,43.747767430957,0.039944235681146016,24
172,42.4727261386479,0.008506983787858174,9
729,61.541696923708166,0.009131197544770568,31
690,55.41936592595018,0.07528386080307016,41
170,77.47322716082547,0.06981240577408443,10
589,68.96136242875986,0.03616692774490928,2
810,55.42911812431208,0.07886442566801646,38
407,48.65579112111021,1.4922253653049112e-05,15
286,47.37758623587207,0.049118356501871505,3
825,90.15030274414423,0.04931425418974961,43
925,54.1217221674823,0.03659544446959106,31
513,77.79921757883616,0.03175583783474343,6
905,87.01978382320344,0.03643065083844861,3
401,75.6167160487147,0.03319683488637444,11
144,89.85478343552285,0.05843939819858395,15
204,62.75883584865152,0.010828434797862725,45
410,95.460887057639,0.01581113764729041,28
649,47.72241024232962,0.014441458271393887,10
42,45.92467272013721,0.020997646809701162,38
697,78.20414448003173,0.04202067350252667,47
469,94.68420620196918,0.008896699787057498,7
892,86.91524077490703,0.06945354362612033,15
479,44.43217784740698,0.023788922504677786,18
384,56.20332740821355,0.013003038997496628,18
31,93.95849532059377,0.05404970476785947,41
759,54.6773891024455,0.0030469040479455425,24
679,85.30788457964131,0.049597485189933135,2
47,87.85766736386482,0.055855874454119984,40
239,68.73622200073694,0.017193322510937536,20
374,62.4082367712023,0.003357125875490743,34
572,66.10721708034606,0.02909162871355597,43
447,53.16395227319112,0.007887538419354918,26
785,91.58467313547297,0.009318227973866966,7
292,66.13594009032596,0.020340898515589165,38
36,91.1826475464538,0.023637433970140745,30
235,46.1302218345639,0.042397627281713646,42
286,97.31996571800762,0.054271350840241046,5
807,65.70983907172986,0.047421675269614785,11
618,42.77418758285812,0.011868826983161345,1
293,42.205267197772386,0.013766882596210115,34
888,83.28002093394664,0.07030153998343316,1
490,78.22406098381349,0.04466818520512909,19
462,86.52357237140008,0.06959502663181512,2
838,46.111316969262745,0.02972372090558995,21
825,42.06311028806181,0.04915200059450591,20
668,69.49759878795955,0.04189307328436886,23
525,62.48052342600063,0.025529879185637008,21
556,66.79292232691543,0.03759322976268763,24
201,97.5121277144759,0.04019927014615456,4
58,96.30349754489887,0.01606167798053429,12
521,94.65429260104519,0.025200829790138525,22
26,85.46287525252508,0.06331278004055804,20
181,60.580798894899644,0.07326305915633018,18
229,63.90359395524075,0.028783527483623957,1
167,71.87773053569762,0.024557782576721456,30
486,88.17099847148071,0.015615773165750602,33
55,43.98534428605953,0.0542792934920465,24
382,64.60921938132351,0.02584797613330698,14
527,44.79182448063759,0.07901996312793508,36
108,69.85014002126367,0.02605478416511626,5
901,92.13624779236166,0.031530883742610254,11
754,85.3841256247084,0.048266735696962784,24
46,53.21486021750038,0.0641347434553044,31
289,96.60746927672996,0.0375614932276507,13
358,78.70632308669285,0.03381248270311667,16
506,40.60480656504938,0.07965102668758467,24
311,54.81398211174273,0.0008394912911955555,13
190,55.12137139535516,0.07160522310809966,24
616,44.01674976457988,0.011931266075178994,26
108,95.66993804840388,0.06287402209671307,2
709,67.73880708540358,0.04943452478770384,16
125,91.95724664756915,0.027347782839847366,38
200,58.688499199788446,0.06990999644168147,46
262,47.26354708510397,0.0010325782384793581,1
937,67.5114943745604,0.018135252165993893,11
170,46.6094848134304,0.04535142369996288,35
265,68.18889917269732,0.02812338080397584,43
332,93.37723651072565,0.04883019962546621,29
137,70.20455222638434,0.001928815472693346,37
27,75.75698415991484,0.009316714438537002,17
802,49.08502934448088,0.010167699217475139,39
744,42.53666630103823,0.015142691673280756,42
575,46.42686180642881,0.036746515264043426,28
579,74.7148313896932,0.0601702959634857,29
332,45.51067854155367,0.07244310703431209,43
881,61.80758761659606,0.06682980242273968,3
695,71.90533254657305,0.015751029742054685,10
801,62.54186232053113,0.03529204417845059,42
635,49.49366048498749,0.0159529278206828,14
297,55.879895835818175,0.021157745333375264,12
863,93.84241690521746,0.04028375852095089,47
672,79.20697198400862,0.005448721977881803,42
648,68.77077464343343,0.017453946367461858,30
164,40.737463619239826,0.07483025290456938,32
499,97.56009322838928,0.037289303412679116,32
395,78.94438622388931,0.03563092207822978,42
794,58.38150368600681,0.0011653723801023118,32
113,90.99758227987462,0.019791979764667664,26
938,54.98903397692545,0.06930339487857451,1
402,71.55296159259959,0.0131702742606935,42
820,76.89210429632985,0.033209995162777686,2
255,52.82167554431625,0.0011464724693601002,17
185,96.74704217043457,0.038266838533644466,30
48,83.39513054678186,0.0016816885380973724,39
486,72.35316707964206,0.06556876424526399,7
691,50.47448669416745,0.06598830139896829,27
768,43.12377600588552,0.06301937506418959,9
547,58.56347028621704,0.022669125511289457,22
876,83.68486548297736,0.06697897745774545,34
827,55.62121530151745,0.043439850608421544,46
930,71.2942607887393,0.029904648709360195,1
417,82.2209362503831,0.05002639677633864,9
534,46.26073544949493,0.0009872836848299205,20
837,79.74728493472065,0.011436870208060173,19
515,45.328511487182595,0.059383483053621025,36
912,95.9775250433658,0.01953292869729224,40
834,68.3268595437665,0.04784072938629997,45
45,48.73921424717289,0.030808208225842373,4
694,59.858250889945694,0.06838446230394092,9
29,63.97815405912517,0.0761932244797315,41
330,83.97473064243917,0.07068517826961523,22
785,83.11857959244334,0.021649599575487732,18
521,75.4925493095652,0.015533029523686582,12
409,46.14398132839259,0.0379547914896588,42
663,48.791023552085065,0.000586732066894422,43
892,45.43790139744228,0.002064751429054539,39
480,73.4760214306779,0.04426325116984001,9
152,90.87402960766143,0.04163595233322288,6
101,65.16042971077677,0.0795665591228208,19
363,49.32919408954928,0.01614734682910065,47
843,72.36645485864008,0.020648314332837474,7
809,87.08162857821117,0.009083251386102935,16
736,83.01929956774994,0.07340344077229957,5
863,91.12414522115124,0.06222489955667606,16
60,56.11832164043433,0.0657871289165478,1
674,51.24932430153094,0.0722211030371607,37
707,91.02935618463245,0.041991998938067064,39
584,78.13849814112534,0.036095455316057894,19
199,58.033877940438146,0.02643131789324932,37
134,83.05618693320554,0.047137169147828444,17
159,87.27686629986134,0.0363422717431858,26
323,75.66873793978567,0.03612524692844601,22
579,79.89727837303508,0.07495422909849112,8
351,61.76507445767464,0.07872252114233041,33
314,71.24434870589627,0.06371875114636646,2
701,70.40123190211742,0.060540647219754266,30
691,89.18677188558478,0.054444652942328114,47
847,88.71791085636659,0.013285988186681098,20
792,88.29546722212851,0.004728465670052362,18
63,40.63983362722301,0.05525810520906105,43
453,83.47363809919551,0.05830289778052608,10
622,84.00323062643828,0.0037578392878511837,24
273,79.34597172559823,0.07424414001830786,4
62,83.86335015770425,0.007291251155574203,37
581,88.83428154680911,0.022872042701696193,4
629,67.27850513790357,0.053791185023896355,13
14,69.11891238232994,0.013589807552358106,25
112,47.23341530086065,0.004433271075379555,13
205,62.351801216746985,0.026491719133131985,18
783,77.31518043488349,0.06127772598841433,24
886,85.26318701654192,0.03309429431882083,2
893,52.598127666090214,0.052237833752635146,33
359,47.99372815123565,0.04636952777825093,19
56,78.45643626102854,0.001777478562046433,9
876,40.10903324444482,0.07908319896365654,28
832,50.34560988982513,0.0033142471055510204,35
945,41.68614005994932,0.0774242190118788,39
829,49.67933683558251,0.04398913426915185,10
665,50.5165182356793,0.07705272216520533,1
278,62.48506849552287,0.009180287953106837,42
379,63.33497323182024,0.03923268153484106,21
645,90.70722329539379,0.013560327349284692,9
115,69.58636332493187,0.004077990161795393,47
679,81.95747640551261,0.04940232920498493,15
668,46.039966759376675,0.016622673676935314,35
666,53.07544781689424,0.04701576146300368,5
129,80.77071957676326,0.00898915855591885,41
840,43.06262970717463,0.02655891771461622,22
796,68.22266441013768,0.06253060464425977,41
613,74.76340000845016,0.03496412174737501,23
67,74.9244473550439,0.05021963319178691,7
355,41.33010305354644,0.051796635259643675,23
750,58.68226424529276,0.0675004035189835,44
483,76.91645776085093,0.025993823552531305,25
126,48.64198469665612,0.054983645006601405,27
839,80.33410760302709,0.07692926456369326,41
800,83.26366211119313,0.058419466748629446,6
136,96.95421304587643,0.03918963813741956,34
402,52.17083570167175,0.05045739555935434,9
917,87.85757872463468,0.05917463182104865,33
650,70.17720146128194,0.048982061255509794,6
67,61.66083057636206,0.0013340650791871323,37
643,47.09785192486032,0.015581879814978068,31
522,82.65932517627718,0.06483745737723728,34
760,53.67974075033385,0.021812051784998773,41
811,61.542476108636656,0.058524969564890714,29
105,43.62744916004737,0.029769617219335895,14
647,86.4792811175321,0.04175074625263545,36
127,84.46213439035532,0.005437863985552296,36
569,82.54971814245413,0.014498044883976765,15
610,57.367723608529424,0.07657575708153877,8
497,50.06184430742552,0.07121104427575312,26
246,76.97808933927332,0.05218200887192402,36
894,68.77765027856672,0.03677156779085899,21
906,50.33864308046921,0.0540609034316179,28
281,79.78285372089209,0.049488823127515125,4
198,97.48533304563561,0.045484180448368966,16
713,83.33873608903818,0.004734165749083346,22
456,82.91921042776548,0.05062420885292055,12
590,95.11813966997431,0.06151360356569347,16
799,51.77030931934433,0.07952653237164604,40
870,72.80189796544354,0.0008862842075447741,38
256,96.81950947196523,0.05841387626485413,42
85,49.58705843627013,0.04574314527487844,37
163,80.61461364778222,0.03472417408647654,29
665,73.97698846637032,0.01020561396570967,18
444,74.015787346945,0.032726811890790096,10
95,80.46489639616436,0.028350174638890824,42
706,93.91778152678968,0.024226391118299377,39
294,85.3897525113776,0.05847036986577662,18
229,43.25589399814018,0.056058041702741104,1
78,89.45822515279126,0.04712160727847293,39
56,53.08139713569249,0.07509318506346978,21
103,61.86102155470957,0.027988350734468356,1
759,66.78050318951817,0.019504155016814365,15
462,67.89254804367803,0.05247226504787197,4
213,65.24046315681069,0.015905124874992235,20
921,94.36649106452013,0.02520084057467397,10
227,80.94910244451343,0.017968195205990786,23
483,76.60789746548897,0.005532285417480099,41
441,42.89083761141061,0.06619989933085388,34
350,92.42697315510173,0.020363243433732893,46
560,92.74463113648699,0.03784220026744166,33
621,85.25235767894594,0.003465221860344956,34
298,40.40769382118991,0.05594715730021145,39
263,43.32225456250215,0.026444880184503267,10
743,53.0629747315724,0.0595789382263368,20
366,47.61826567240459,0.03299224483742929,1
32,63.13248972281631,0.01566044851244997,13
771,93.5121373690918,0.04105400658256287,1
531,67.3795051834259,0.010440364770995183,5
767,40.77735233306561,0.03524313278983958,16
846,56.3992499955682,0.025384438193638923,15
109,42.586504685631766,0.07295676673597065,28
811,42.104682111583124,0.004874297737657596,31
189,55.99175147954203,0.05552139312845936,23
232,55.98551564337883,0.014620093278994873,45
915,85.65334295089303,0.025523605946579188,43
771,96.5404098613045,0.03324112504496528,17
668,61.5300114456199,0.07264120714999794,34
451,64.87543897394023,0.01940626128590601,13
617,88.99778730458924,0.007304704203573618,14
778,55.55206316553978,0.02549516831924189,11
334,49.07014465539998,0.008374077642842669,28
525,89.47919815741173,0.010287718876844201,42
25,42.6970340135238,0.04590804783800213,32
801,75.94256753156611,0.004872154647959466,35
345,72.5955851530748,0.002474470511485283,31
768,60.06338595509827,0.057153128117639826,17
267,58.28099222364682,0.028931767587283563,47
506,84.76774811853403,0.010030027938709862,9
905,45.012627424227695,0.02028902166877666,10
169,53.73348994006035,0.05136692058819192,8
484,82.48202644660921,0.022042925371268094,21
861,71.8025938561326,0.03956169000963263,13
673,47.423316094948014,0.009735624538133782,5
917,91.16386562835949,0.047047491008435756,6
699,62.81997510068831,0.025286214707461126,30
684,88.01636576868603,0.05015747476229732,31
389,85.6873549006071,0.06467159058432183,17
554,76.21667589536023,0.04893171355119939,11
938,68.67990561511539,0.023659805007601654,20
700,96.8139487421419,0.02045949612386403,9
436,48.407974198029386,0.026193676698675842,2
622,82.05903219796465,0.013169641058920387,37
277,51.089060684957765,0.014493748068001607,1
844,59.619260109276205,0.06325528815201344,4
586,57.90452711564532,0.0307786061205956,36
426,94.92808728884593,0.03487961444564687,25
177,96.10665831171997,0.047523957245344896,3
851,50.61489576561417,0.047172279612123814,9
52,41.27803929725524,0.005390149721754059,22
565,81.76046630046056,0.06652326290701324,23
294,64.2434161644881,0.014186124257915154,12
406,45.15273421507874,0.05784573088397351,10
21,79.65773812346846,0.061813679050253326,34
616,71.61612063912058,0.0571919627273051,43
311,96.86997567606414,0.046318211724331614,10
907,53.18975075995998,0.0011687197687106287,30
262,63.4307168269398,0.028830039389053656,22
508,71.46765659693453,0.04838715434900649,6
763,85.9185993302944,0.030996103673803097,2
44,71.83264208976341,0.06907839159302505,30
736,75.54820932999306,0.02470418202796923,2
858,53.116528992216566,0.023482783396692835,32
99,89.12128622913647,0.02127981544741264,42
785,64.8605717242876,0.02662246951686364,16
614,48.17565839626262,0.04459239714513497,12
931,78.5228990413142,0.056561223541807266,1
611,52.53324628474783,0.053005433419102806,8
427,45.658625593879385,0.06461742559851837,13
124,89.99524068744779,0.070873119639794,15
626,66.6894113403295,0.0652863233874681,44
912,83.45845533635503,0.001515632269948366,8
205,56.8540784687686,0.0588734362841591,10
835,85.64426782522465,0.01667196588946653,46
510,46.49228376724876,0.010634243416638612,5
635,60.64645568010146,0.051079102783930845,19
502,96.72758544246466,0.025579455632615593,47
84,86.05140354934436,0.00456937306963546,38
422,68.84084395825191,0.011010378751868909,11
385,59.70709335058933,7.435334959688512e-05,43
429,90.58387060130364,0.07225789018757658,20
738,71.60117002690191,0.001969438707299087,20
286,83.98865103640844,0.016756461560760886,21
770,83.73824545833752,0.03330102245503259,18
685,41.04084935697253,0.028525706076065527,10
403,47.32271940197158,0.07293807015302206,34
878,78.25850325089505,0.0032231156587633693,26
466,49.37394905458054,0.040977176614164126,30
929,54.81861399002507,0.05443835700194992,9
201,94.90500134357721,0.0745358378944935,46
748,72.49057098574488,0.049629700169897685,31
698,83.54231140596214,0.06430041888094101,42
108,72.36288284939312,0.006697995027627872,4
557,72.04578965739806,0.030875160874954188,6
105,45.46081078729048,0.029915770758325397,14
673,59.932465171327976,0.07090305731645741,4
672,56.38099212381768,0.012109693701061994,26
199,62.66224520558957,0.012150893786930421,47
745,86.30396291701103,0.026284651990863876,39
46,61.57209473917816,0.004357283789347006,17
789,66.1984155154376,0.014596643252199204,19
378,63.048120648148355,0.07721677108365882,6
704,45.41766237456714,0.03425471518937383,29
534,65.58218517854546,0.05056153667379491,11
288,51.34533783658187,0.058088900747570955,16
226,50.82995115483641,0.02935691256057604,30
876,45.45409405718745,0.011778165952841358,25
882,60.68691650022235,0.016526481297742465,40
807,83.9339493177862,0.02506131812644883,11
282,56.033618053836975,0.05088547362817805,7
890,58.116247909359785,0.031862443927124354,26
71,77.27513014500057,0.0005451758320102496,22
605,51.358767130041294,0.04187257480539775,25
889,92.023559964565,0.07372107135259343,19
738,70.17105034859016,0.06496620888069432,31
351,65.96097053857258,0.06601690970077048,26
406,72.35357113189369,0.0636046414084905,42
708,49.62999017813934,0.025898466048833894,41
28,75.58144204107222,0.06121550670035136,36
186,61.05984272477261,0.011452908624895439,23
621,92.03680777594789,0.05261729178207628,47
405,49.793543987305796,0.05132548533479955,13
454,69.40896402419558,0.0020455839271787736,25
242,74.69053250340305,0.06303761068727452,2
924,41.936248903610114,0.07225984840761045,2
85,61.09420123585613,0.021393222277768614,16
274,82.4928436126483,0.06499125793489208,9
464,87.58189543204045,0.006592477748955856,28
805,58.16339569940238,0.047997428660885286,13
727,86.31840979819957,0.03885174922674217,35
744,96.12984087199655,0.04367388266472,41
393,89.69868829235546,0.07409641615074761,13
573,46.82335131324086,0.06970521977974828,31
860,82.90435926096136,0.06280669257918056,21
515,58.5406762815516,0.02189587661426968,32
376,97.32812738590044,0.07294549029488734,34
153,68.15082102327345,0.0078006153971100205,8
894,47.10116610481858,0.06826633732470302,41
78,82.06076178558867,0.026252805788288622,2
108,58.7346495064004,0.00430178493295867,38
405,97.83053311073638,0.053548558739259865,32
34,96.82738255556227,0.018502394265276438,40
900,78.05577304519367,0.019485690069170555,28
478,47.52993403919962,0.02448377329830172,37
493,79.83793786515169,0.005094781400201338,41
574,45.39576821468158,0.014170171535860324,1
160,41.70312122793875,0.0004111702068448242,41
153,87.73158988084619,0.035632761688462945,10
578,52.16567096565352,0.006740430193437703,4
48,61.98357332070765,0.05461220840353592,35
118,96.46052861861804,0.01884982809533187,10
702,59.53674910794399,0.07548593152281417,47
51,57.196407314432285,0.06970013019189221,11
195,93.25606397812096,0.02315527159745666,14
944,46.42340982849957,0.0626572363725343,38
407,84.05577978664864,0.0642595923731845,12
232,97.30780286586089,0.07892504912915284,45
643,92.27516862492963,0.047827198947654796,17
142,77.7967392849727,0.006557258771492975,16
172,58.215526109578455,0.05174697831411048,35
224,54.75067490834237,0.04999837987008282,2
742,87.51679608254474,0.051068046193634545,11
244,91.02967100919832,0.02457165184833692,41
852,70.47522492765019,0.06877436680642664,3
667,54.171716565615036,0.07675777463643295,29
760,46.55070608784806,0.01741700103825212,18
597,45.05640913424621,0.007052172650931557,20
18,81.70649194652363,0.015562802653478727,47
83,64.36688621516805,0.06564417114045751,14
501,92.51087270811648,0.0541315707855878,34
922,82.90093544215229,0.05088378738713013,31
262,51.09310423904603,0.03214345080875396,40
239,75.59909029131055,0.04622623772091486,42
528,65.25931635509325,0.024629930021949395,18
183,73.48048438457955,0.0381760063534369,30
662,82.80800915363399,0.06344504226965247,25
177,86.75936109821987,0.07849932779643697,19
179,88.93676493159,0.07459911388718415,8
402,54.730542725177436,0.07470927542769991,28
804,41.804704795206746,0.03217789878776899,8
643,82.87909463955684,0.037503190440543274,31
203,46.167936122834924,0.05645083170951853,3
526,58.265336139552126,0.07377535424410274,3
38,40.221393779212136,0.011359540748166773,44
174,79.53682997929397,0.02433934910617566,22
431,49.693656665330835,0.011139747567528762,17
348,78.00637976211617,0.048960682396756425,36
657,97.52107179573466,0.024504079751003004,17
505,44.214910553380946,0.026088628201005878,14
374,44.47052469318472,0.00567327675903834,9
842,59.74204537466714,0.027983684944607356,30
351,90.25041782657784,0.06899972059212683,21
509,52.500732389897244,0.018645824951266796,12
666,60.90191355596016,0.05561499729680525,37
520,43.97331358436482,0.05037026759508741,32
336,84.26300689301559,0.06907876866952922,11
226,63.68176788004816,0.01058303581208306,20
310,84.03642651752888,0.07820719682760345,35
141,92.40925497211411,0.04661029168322925,47
813,53.500262531874746,0.07963793218774515,46
79,86.82896975971718,0.07292117806926807,11
261,43.42744562453869,0.017721381769048465,8
424,92.13314851445435,0.0044929607922650485,4
796,77.74457575840735,0.020451127503628923,27
454,90.70515000002439,0.04220509191995359,44
885,40.01092717428175,0.0137277093652152,40
191,49.80670208064757,0.01339677956143908,38
176,62.60604447073654,0.03700748376841225,47
100,62.01116839573368,0.002661437693548674,30
723,53.15036220956362,0.009751046602581637,44
867,62.13349251229761,0.03326890715263581,27
540,47.47322529601478,0.005050392736637317,21
48,63.94014549742951,0.03174040451644235,20
135,86.53655109123733,0.03792050127587561,4
460,67.78606365999437,0.03610132912584915,11
182,41.04400515882247,0.06953398859224699,13
662,64.44375441159634,0.0424049964041386,9
763,41.57615093326896,0.03743843699824347,4
229,96.04211782099429,0.032856739631333294,12
647,47.3923296465264,0.06540987026435889,9
67,81.04592292717588,0.07160452831998665,13
669,96.42102672774098,0.0682593975357694,26
485,87.91026499666117,0.05388372625051127,38
465,80.56029175731982,0.010988939677493939,42
838,88.68873275104448,0.02214959755936098,13
904,96.9443242091164,0.0036850450945581947,39
370,76.03798084070472,0.07446592599920913,28
944,72.43271879610093,0.05286388237527283,19
10,76.43781040687033,0.05970903074505932,24
396,70.89520143217018,0.024925739166578316,19
357,76.83516814276369,0.06765228178218739,13
199,66.09084806240844,0.02076826269667828,13
514,52.669704607231814,0.00013150056899597474,28
200,46.974339137677184,0.030113197001655517,2
517,43.963774260871105,0.045660918476725876,10
378,55.27231545768561,0.0382963886372418,22
418,42.675166731472565,0.06896609140612776,13
833,72.89590523532436,0.008432422876493356,9
938,56.46204992736418,0.04430587525069805,33
943,87.82301886904787,0.041038347985672595,14
126,44.30597063332641,0.02251143857377304,20
143,53.12838667180618,0.06577824900616085,15
67,82.35427653122846,0.060227892470576506,32
565,74.7308811902425,0.05862873498654648,33
694,43.74049373245172,0.07009539826156448,17
681,90.87988851540763,0.057822768049721696,24
182,90.88118224391842,0.018547303337178116,30
838,59.163664224794886,0.05644501693197529,13
824,59.74353891427475,0.02461622507118751,47
158,97.36364478431008,0.019373972027797642,16
89,76.31821795240202,0.005840287431970186,2
895,70.81635819294743,0.05952228642781414,17
222,88.61282664601161,0.0568800769559849,32
212,56.546839624724356,0.0187599582139275,43
773,64.8925904169887,0.05995032133793248,8
238,55.531047178323384,0.07342727064748425,3
685,85.77132910214642,0.008642316599326341,12
236,73.25426204684264,0.018610931070941996,20
668,78.2118540681241,0.06002086352698524,16
541,54.63382049068558,0.02196053388056626,14
450,52.773067479884276,0.04997311794269734,16
411,68.32572848101044,0.0064931379570971615,43
56,82.77881344738395,0.0361761983282831,33
242,70.46390593616928,0.05912731375943625,30
314,41.89344929764878,0.054921115443460206,12
535,90.37598736657675,0.06520576805406454,15
152,43.75183982387763,0.07019617012825351,18
424,95.43782005580363,0.06185468010070066,28
522,41.45823358008182,0.05372701943511408,23
382,80.2781264555811,0.002537799345282492,14
575,44.76800969528334,0.04279733387275552,30
895,92.8192416072381,0.0030158179931882236,33
268,66.93712770108148,0.0646454253692818,45
665,47.97637893938689,0.025657961956796607,15
480,59.7673105878111,0.04499434992943368,7
21,49.5598311701122,0.02235562458551221,15
339,49.89375087031122,0.06260001155042348,42
745,94.99028256994364,0.07092020213135221,46
793,65.82427451251772,0.03189139953704512,38
367,85.75053130651085,0.06903379148087913,46
417,77.09712254830555,0.02136600059650659,44
677,79.23272901562675,0.042772873846041906,11
382,47.63821943137823,0.06870091438709632,29
17,53.58269791529817,0.02607050740926323,31
131,85.63151943895734,0.07632338120624686,25
357,96.3044399755374,0.00975036014251069,24
685,55.2351872707218,0.0014620055778804986,19
99,55.75098835556031,0.07233082820625525,2
657,67.42803370303248,0.005491893291829779,22
707,97.0627381456154,0.07935113567579934,20
325,55.59961885793532,0.07611174895832849,33
187,63.604370758787304,0.010961672802905654,8
549,91.70584090616339,0.04300677005540526,25
741,40.169419892038995,0.014793623797371548,46
878,42.306425969337035,0.03425241384240959,9
50,75.03615727013072,0.004914010340786614,34
749,92.62804955334512,0.017913967023727162,23
713,53.853686303311804,0.029061823711911964,5
932,67.23922293148112,0.035091800019684385,25
511,66.12698749615346,0.07819970065671146,8
154,67.43233807353958,0.0646292516547185,16
210,76.10614235232522,0.05899279554495569,45
938,67.24513825345966,0.04296330517935794,15
733,65.95315219670255,0.06719982084834747,1
470,67.50872838501311,0.027145826852456888,22
741,74.27031159372041,0.05671192902186529,3
761,71.14643432437879,0.07950271803025377,38
934,89.53988786372925,0.025170312714815905,14
918,42.87081750263266,0.05392140279071739,36
567,88.33239014543473,0.0675451891321906,18
556,88.94762753148,0.07326460666805377,47
262,56.52466524879573,0.05743461527520815,41
399,66.84541339091933,0.0226886338733709,18
603,65.43523233517126,0.026102572125515717,3
892,52.67357039253956,0.0016606425699171369,10
265,63.014217131006355,0.060870878213720774,39
718,42.57449078590956,0.00341916848495611,47
824,56.113680221340594,0.06917218836821966,1
930,87.36756617614165,0.009492849157963104,27
459,56.504613502248056,0.013750120970873941,27
19,87.45598678739836,0.038122117666578983,11
833,70.83276894705699,0.05903043321349939,5
807,91.03203528694728,0.011120176415926216,7
251,73.33721414733608,0.035205686005319876,19
260,41.720756937754906,0.038628101952808386,29
886,79.17437203773117,0.016982851333487307,15
14,42.601506945366985,0.00924467013445054,35
128,66.13462710102178,0.06691367383885116,47
810,93.9067482794406,0.04019725198102125,37
383,49.58182848159531,0.0011504988787322378,12
74,62.61259647060956,0.06423850410472831,30
155,82.33189791321175,0.07846350443316678,20
233,91.17099625350116,0.048474095633139785,37
248,78.91469427506546,0.04029667096672566,3
186,54.97404874308781,0.07027326904359693,9
788,79.12725546914054,0.07620134317476789,41
862,57.21020318403722,0.060362953272196845,39
291,81.66889532948665,0.035636234378743026,26
72,95.33392139993235,0.04737771194651524,2
226,81.84082016416473,0.05607482920143994,23
863,90.04706916891992,0.015541885680144115,23
836,40.12202290420124,0.035776082577315044,21
804,81.61918323443247,0.06638570117738281,16
698,88.11607829818452,0.052378027879875444,9
470,42.352406777591526,0.03289632537694833,13
938,90.55266818271737,0.05306900272117451,28
619,54.88826524198266,0.00945779296579679,27
114,78.5869419147272,0.032119808845190105,17
108,86.42058298335759,0.06345028303704452,38
520,78.43454175744262,0.01764070297093184,36
394,45.35251794024892,0.014876920604593415,1
414,74.58664809390136,0.07606549279331452,18
832,71.87585208988433,0.016791810366898457,9
527,92.21863354830775,0.020873486372013444,13
485,63.44590431936413,0.07756927511234704,40
718,58.62270363104891,0.05877668562120206,45
872,83.49134433731504,0.05596772264188226,15
654,63.93516891283701,0.0682341107083665,43
879,77.47357815029365,0.009265846578943542,44
780,77.49410522722721,0.056476498926400574,46
446,91.50626573288683,0.04029508874625911,4
32,74.72415933450765,0.0663320512227312,33
574,69.12490937779523,0.04065133749321555,24
686,48.05453693099798,0.04961930834151297,36
723,46.71278118736491,0.03821937011196288,41
467,48.950650786418606,0.03825271388446753,10
92,49.96721191697148,0.061437598244946524,36
154,76.99687137449077,0.05028531205178266,20
94,82.97691251592555,0.05066105612875283,41
87,70.73950832973229,0.036022598706522066,45
466,88.08302848763849,0.04248875970700221,44
887,97.49326715055072,0.05965741329638299,11
10,87.56073248892265,0.06607527352895345,12
60,80.30317767320564,0.05572491217152369,18
694,70.8845765673545,0.07392583910765466,30
726,66.03347815713308,0.06562592705177607,44
781,44.89475807158345,0.044949103184761474,37
455,63.16338740689208,0.05371248581149895,20
458,92.78780893336379,0.07410466215369568,25
890,86.86531253458007,0.04953344353944467,12
497,52.53097917067786,0.06598455583838646,21
809,67.06325151243853,0.05510484028719897,25
43,87.36994574839558,0.04415490888483732,11
357,43.908304177560304,0.01934705563322825,9
104,62.46876996878224,0.03407980155747425,25
81,89.40679173868897,0.07741942598669725,35
560,63.426076121867176,0.052621230661808,32
163,44.50164939442357,0.04515163042711917,14
259,71.46699337487058,0.07463653004225819,1
683,89.98106470526113,0.0469209424829959,17
447,74.23656149128327,0.042086601473392236,25
127,53.12418827642544,0.06074486841201642,8
780,62.28589796796812,0.05701324951892356,5
900,66.10715494855206,0.015452800672674618,5
315,73.59744852159055,0.03770466196592969,41
277,84.04235949365156,0.03780123542556682,35
63,45.73466982315686,0.030257961219467583,19
245,91.59981791501885,0.04138347857218025,23
398,40.713962774932384,0.03304859181817154,9
743,61.4630354111068,0.015947639157694652,30
772,41.590377978414146,0.032989318981974484,16
834,62.79250507002689,0.005782155805854128,33
410,70.49713073465279,0.046062869021952925,2
633,69.67752042172768,0.06829236391528895,14
776,49.60644412763939,0.05802296674836442,46
312,77.45294958554551,0.0288315232043289,1
928,42.59715012927076,0.006965696446184655,26
216,84.19059556768009,0.01617195193802166,25
238,94.90537717162569,0.04363922723958685,16
862,59.70659197476484,0.016564566670642628,15
919,69.99988413943124,0.043517848902797404,26
587,61.976796127411234,0.018527921981111913,47
84,40.38920263763548,0.06791390955808582,44
444,62.380721167916725,0.03178171782723678,16
112,85.91977503715809,0.019644050075559284,14
431,74.56735284664194,0.06498609441976493,29
713,45.873075047679215,0.027427117184436058,24
773,89.13409040223954,0.008919015027102555,47
747,70.80295000334408,0.04563275931229133,15
815,88.81995498119122,0.0465251363550391,19
315,73.6528480895317,0.05717565401885873,8
107,72.46192980060052,0.019217554656670847,34
859,46.10503274142672,0.03550170712737961,2
807,49.70686452204042,0.0225894335234125,27
344,96.37746487680228,0.00647629888925505,10
868,53.252231311776704,0.07012910616127133,35
444,96.69222284344134,0.058309584359067294,23
456,70.85093697840728,0.024117044756704058,8
317,47.87576472970835,0.0479498394297589,28
258,45.75952775971419,0.016101103050757796,23
175,52.11411610093292,0.07121892974366167,4
490,93.68696514146947,0.009192507468952824,14
344,64.02071301103716,0.0003069716406240719,42
551,62.93518754358903,0.040160655819134576,29
768,58.16596314207009,0.046650225876229544,1
115,48.52958733286213,0.04631722562366435,4
572,68.29536943715958,0.004360954195026103,32
90,47.54277138564604,0.025123504553474597,33
142,88.457853710175,0.039935915747306545,26
806,61.48302520396778,0.01732633485017927,17
909,61.73860693134419,0.06981007083887171,39
147,67.49237285202304,0.006968743156914723,23
193,65.75940736361359,0.03899075533376343,32
410,97.70176243744065,0.055313284601052164,15
339,71.63210503066155,0.020940088010758594,13
794,45.1156988198125,0.049939258959801454,2
517,75.19888581146193,0.06635081201138997,19
861,48.79188898645304,0.015226958007603804,24
78,41.794383394417835,0.07337764734598903,45
555,96.30304491328039,0.04428468261298864,24
783,84.8652557090047,0.023938560344084845,11
62,96.84632155999849,0.03446866203058166,22
459,67.71694998529006,0.02497535070291104,15
214,70.87093680664061,0.05800889279466529,10
135,49.76354344330955,0.06370405307321057,41
756,54.320630746719964,0.06663499138549288,27
52,88.63585446436403,0.0788614599668593,9
761,60.65876753282046,0.06330274339973468,28
892,87.9552684801923,0.04811072565508507,1
120,81.12279600864784,0.027137623871342706,17
770,50.2759136657682,0.043567635896859955,31
672,69.43188923494505,0.003285453823232434,44
192,79.28846464808558,0.059586006042393044,10
857,53.63215845862186,0.035676443607368144,37
104,88.17993361016445,0.0016018583785750095,29
383,71.60000413762083,0.005000555320832865,18
921,49.58403892567099,0.03099731710574053,47
529,73.81309671754694,0.04667372152147481,38
909,97.98340064104302,0.037136315916170136,39
369,48.73024651647798,0.04953634538337239,6
909,87.37190194693262,0.038423540703308466,40
705,52.02392218487836,0.05293630763850774,12
290,85.37852310868506,0.01753008517366407,14
204,82.60551954104197,0.009027454974689713,44
873,57.42838436482508,0.0477147163700528,10
204,58.897740818738086,0.0387751613549046,20
676,85.9662407338493,0.002149412323594824,15
102,66.76383968946413,0.030438550839442868,31
681,82.38744566528491,0.00849004683927964,7
70,48.583080547218415,0.042508546540215617,41
643,89.44835135029011,0.03166221437283446,10
60,81.2313135675745,0.04905215288824143,10
412,92.60268291242036,0.06444817750161906,39
798,47.6775979840284,0.023973494707319267,28
14,74.39484102091467,0.0769681683332022,30
475,74.74899393233886,0.042850760047005956,37
613,60.500722951713385,0.04946326390038304,3
691,66.59105262501696,0.05445378985805897,43
838,42.202930670811504,0.05333852238860718,15
543,83.2598822403667,0.04087765944360497,21
414,71.86070380538409,0.03430114328917468,37
847,43.34898100841208,0.004302557134190233,12
522,79.48384179170816,0.0017668676240943793,4
654,67.0733604794089,0.02863689556262117,47
242,41.99875304665,0.026692871250695412,9
533,96.23724815718953,0.03101561238712054,39
355,95.04850429918754,0.011069456071055202,42
55,69.74834013653746,0.059053461642947495,28
555,45.43300040094279,0.06855715318209912,23
87,83.76803085271833,0.0750971708299228,45
739,68.53200380613228,0.03938898428157007,40
822,57.54195374078403,0.05606925593003429,44
932,68.50225429665629,0.0684440898748698,22
82,70.30176043351693,0.033463288887478876,24
803,72.63727854329568,0.02475302358963555,26
258,65.59097539200894,0.07493796446827922,30
56,75.13380758206529,0.04125412408616585,33
130,93.28661321516988,0.03978031092727024,16
223,61.01154905171828,0.014273287725079662,22
248,82.09155486675705,0.00865240116586854,43
65,91.87824829580546,0.06736854899868093,18
359,66.44679799407633,0.04913065409500145,7
116,65.72043851015044,0.026065966721555894,26
840,74.92278515057721,0.015338897391221318,8
57,74.30159204650431,0.044439782413570515,6
582,86.78218185492406,0.04671354314089083,30
346,67.63603625914098,0.016559488099604655,39
35,97.77513107908759,0.06811245983131792,23
813,43.449350994302286,0.006741149292468087,32
266,40.1837352176807,0.028487446813313735,22
17,77.13150207045818,0.05443075310100177,42
634,57.309224916988846,0.021929629105536055,43
876,53.94217854457006,0.06621401558250174,45
262,58.090146640248264,0.05918942612803228,9
701,54.850758776087346,0.06312182756385074,31
728,41.78582288030597,0.009528522870137302,7
312,96.34891645865414,0.011243770239643434,9
648,52.803238330261344,0.02291789901956669,13
65,82.57372623017976,0.04144617321580489,3
735,84.23059089226217,0.059841286135952194,35
535,93.8969290844193,0.06692247126087228,33
483,41.77186851141604,0.05634682527657444,21
37,90.57880362992644,0.07428775052245107,31
87,70.57911848870842,0.059099480769274425,34
225,76.68755837801801,0.024501430960369178,32
395,77.37927607301995,0.02120650274708581,35
374,87.5482726891142,0.05569539602408719,15
675,59.33762468522841,0.015429645495169142,32
535,82.51696901187962,0.007417184864821591,6
708,70.65753036388743,0.04257782998849551,45
321,86.01685282971017,0.06573132558231642,21
892,97.45166990066774,0.008110387397589083,33
16,51.637759009418154,0.06335130590365834,32
12,97.68962121047987,0.06492576034812385,19
632,45.20910494840089,0.03858192000652348,33
928,40.134417778479204,0.004584824800838945,28
759,42.56139229831421,0.013967188099774912,31
372,59.82337947473218,0.05659410201295459,21
760,76.70856717934919,0.05694223559927596,34
517,44.00371337149528,0.07186842201341323,15
283,40.3286172427149,0.04661489172436663,14
515,94.3512796506101,0.009928589417102191,19
815,87.67174488451592,0.009713192440397771,43
748,86.9326239260638,0.057690588588545894,15
892,91.29660797911467,0.014702773208632091,6
24,80.60198782078206,0.026270839969328427,9
201,46.05543952538872,0.03897696055375311,37
640,63.147810908275936,0.001981190206092096,20
494,81.9426702149485,0.01990552216159455,34
37,56.25939872590821,0.032631168680582405,38
723,79.86956911990178,0.0223709054794565,26
48,41.420909999523836,0.010909626197405266,18
282,57.755965771016406,0.058240980623695794,28
240,71.84955950407601,0.0650518124134388,9
95,76.66121011136205,0.020598318091497987,32
483,73.46835853879082,0.06195355956850427,6
135,80.46986401225891,0.03084428515210511,14
821,40.35314739791067,0.040534863268320225,28
546,45.85458959869624,0.06848008599145222,24
154,90.39876663219042,0.05999629454419263,13
534,79.54142135722935,0.06440934810529422,43
221,46.55003527578866,0.010947613326908546,12
34,88.8403173691176,0.005577554066698358,19
589,54.049410633824884,0.07147237832703897,21
403,67.73907328332297,0.03102674156568755,27
76,48.421397747310294,0.023030374245574466,19
242,81.18638327245898,0.05797570034094596,24
118,78.67755641882754,0.06691324772638853,26
155,52.244523327635896,0.06899916975186407,45
120,90.0772444777061,0.02527977129001819,28
237,63.27574940474331,0.06817699129613393,46
120,56.96587528210303,0.003274715549947631,18
479,48.835116188943054,0.003972919316777511,44
43,55.43774472590117,0.049881535613932354,36
632,41.277561430981386,0.005048509529243699,42
785,73.8289345624547,0.02596873348081292,29
945,88.84938328794898,0.05382047889975392,17
378,71.84086606761522,0.026981351684338108,4
757,52.71788979158479,0.014367982515207673,44
604,41.95281233640462,0.02250804974830733,45
563,52.44842824901056,0.03660602658003454,29
434,64.13504282812336,0.03803086842843859,4
622,84.05746286458819,0.06264001850777616,10
527,50.8948854471909,0.060012258354521,25
701,81.7479042945718,0.03654542436449081,31
291,90.28214116440925,0.06765338792790171,3
329,66.32891719028471,0.009138971087311668,47
747,87.6430555152704,0.02042826801831212,2
452,72.17012618603555,0.06623811708018013,25
324,76.95126855069249,0.03023952309009225,6
886,70.52415069961576,0.07849452470350737,26
750,66.86401757157782,0.03730026252222683,8
386,53.609899622999265,0.06335484983710113,35
298,57.58525544874067,0.032184563310589755,27
446,56.81826689872932,0.03399628152499443,25
671,72.67075799532125,0.03063065178273468,18
286,46.957314195385614,0.05752604964086494,1
719,93.17391806073543,0.043801430724799556,39
591,81.79799842642056,0.07550224890946954,3
512,63.28384659296523,0.02007122532272838,4
633,49.20020038252992,0.008045018566675548,41
525,91.15554584385488,0.031460918807937215,37
359,87.77912922586758,0.04933701661174208,15
852,81.8598500575964,0.06886391495323961,8
455,55.74972874985205,0.027695750934426215,38
839,63.3419049711528,0.05230294008995693,19
359,45.95939864224056,0.028015894481857526,47
616,50.96429243419684,0.04937756663955665,26
673,85.41496496437051,0.07078463576245207,39
832,81.47224569333966,0.018508611380752722,10
146,74.42217425260421,0.03233933136856314,38
768,91.95215010371803,0.07946121571437972,14
908,73.82945803315663,0.06948456225995686,41
252,67.08414399788943,0.04517118863169616,19
552,59.74150328573424,0.04133020734834202,30
49,94.54601333269801,0.02276803058437448,5
238,44.7974967684125,0.041376754215482356,31
557,93.99146757952688,0.06785451986239577,7
929,87.94945027599907,0.054813961062222444,19
232,47.53593562307068,0.023203522254238926,31
15,72.76909274516471,0.016117113684282636,39
331,90.25978294144704,0.021216682959746328,24
477,73.16493148921492,0.013580736111426121,34
741,92.6175896505161,0.007651255681897276,23
84,94.69306137533046,0.0335308939553644,45
13,64.49830228668974,0.009063968351861415,40
856,61.88419236156677,0.013753004618168347,6
655,94.3066269302111,0.04378597474715889,38
127,79.15812354668074,0.013167941895965977,41
890,46.72931551819382,0.005110381394472228,36
615,42.45292145491551,0.025391108002230815,27
513,72.74848495784126,0.0176255278897574,11
583,93.94991599542863,0.04122441503955014,5
450,88.96642473953747,0.008189366766656745,17
203,79.19916929493151,0.060141663014638254,7
856,48.068719235683076,0.0724986815548111,27
724,54.74542025742434,0.059474813916495554,47
401,90.77965114005174,0.04262616299211154,15
35,50.60281972610023,0.0688534257431108,46
444,56.1494856785252,0.055593470382520604,13
182,47.51683776933563,0.0008440897960151884,11
309,79.21427742203585,0.03152721222196025,45
654,94.75097371106615,0.068076151952544,26
335,55.600145832532384,0.027668708638021542,22
419,67.57358325530427,0.0028172138820418803,28
127,76.79170490324985,0.05969437108418179,24
845,97.96904239650658,0.06416306162262948,29
796,46.07886776985918,0.012847495603464685,9
733,68.91710637133113,0.0429872397474545,42
234,62.336966954345,0.015356435119658061,4
541,90.2175695828966,0.057538753523531744,46
122,67.60612839867605,0.021724036414198854,18
149,46.43669642593859,0.025297209805066407,43
568,76.79660042662185,0.06759766829120811,16
10,84.70527585930503,0.03810578817655235,33
99,40.16711259660565,0.05358035609745983,29
663,89.81948775439652,0.032189844057797415,39
329,50.78933400032861,0.023840548575500435,10
559,72.02002314989592,0.05003824483397291,9
814,64.1162550398721,0.012388605926305703,31
903,81.73992136341076,0.02983998684534904,28
148,61.52737365757303,0.016722962990873783,3
520,90.44626424753922,0.05566359735525964,14
877,82.36878893560983,0.07553670706768861,25
854,77.56736392164945,0.07964087744126931,15
268,86.18195454264556,0.03602214483532726,2
682,83.73333602584617,0.02020243117091556,24
911,42.084443145450095,0.03542634963074593,14
699,62.89459252300003,0.0677815527970179,7
19,93.98682324435642,0.01648045428416319,36
270,47.29200760154912,0.0761676521322339,24
928,82.75159992505897,0.02734926150385208,27
659,96.52632505744913,0.0788642927560244,37
181,43.02752048460835,0.06708871100271697,38
907,79.56724507634341,0.06468564273179123,30
22,67.15294019545976,0.025432373901862686,27
177,73.59216481173388,0.0007021769558343572,39
651,44.94979751609084,0.030570632706079025,15
605,42.49440320828249,0.024144749573015493,26
330,78.67826631195346,0.0029917592327037834,1
328,87.75194692960163,0.040429220520474374,4
622,85.3568894261121,0.03224250490261893,29
338,71.54073221624176,0.05076451741932198,1
794,45.792275625898334,0.049694905775526654,43
786,79.9065777424888,0.009659730871734409,46
920,54.02955524614047,0.0781572436901298,22
929,92.84198476050825,0.014954514355315753,11
559,88.61939085365088,0.03562192198117636,10
428,81.14421209106867,0.0390494034746988,17
615,95.03306543820557,0.0650450237771296,36
104,41.82246564765383,0.00793836768757174,47
826,82.6996246535242,0.034291542336682544,26
590,59.15408120151151,0.050280173618896314,21
327,92.55182136980919,0.017212449729924445,13
245,55.4671614063947,0.050197431901285824,9
343,82.04167696027099,0.07389318700397221,11
894,90.90352713974532,0.079801450493814,11
385,42.41609546619558,0.002596086143254057,6
468,63.0635596163381,0.018847058259574202,1
146,84.21392385727245,0.024824569263335795,6
939,66.38529559144006,0.03193008803559729,13
597,55.50065252802853,0.01938057260678139,22
556,52.74871023174502,0.016279039564425002,31
522,47.62805948114992,0.0763643073934,22
305,89.71351447166437,0.07348172822164144,37
329,73.37061338859024,0.003759400080249398,47
927,44.43032680950445,0.027105041728387853,27
581,62.18965876709685,0.03241188429427253,14
841,61.32855174669638,0.01912116277327547,47
358,50.54087306114885,0.05030983175905404,5
849,65.25944227738707,0.051230459731539287,36
788,59.261763192801915,0.06804033826628776,32
882,59.82461491854659,0.05926954147081743,34
238,82.8635403517016,0.04340586615727645,7
279,52.949276359301386,0.05228694160355359,42
837,77.22787761361062,0.02191910252344145,10
807,73.09767818509422,0.047444495197388616,17
300,72.9493657155963,0.03913818037999354,30
734,78.454426076223,0.010667557385309633,21
174,71.80615809934793,0.019403542126637658,13
14,90.99679666109031,0.023335476057726883,1
860,79.18364533311507,0.07394476536420463,1
388,71.72386857954051,0.018430931150871157,47
87,88.1262609766834,0.023139512225573453,33
419,75.15650076614182,0.029548330407154585,38
583,56.88636637154038,0.053099419090030964,25
141,52.01150525424113,0.009459071397771242,26
610,48.83501156843537,0.07631561699950208,13
758,92.16840232767389,0.06924569760758116,28
51,81.18785504428782,0.046177285840716016,33
98,94.36794941353061,0.05392302939399654,37
411,74.99092473146669,0.0013328376995372794,41
305,67.45725112670493,0.027115582027875895,30
849,43.46355636031158,0.06365281845291536,8
304,78.95525232966973,0.0061986379033908716,47
625,73.7681080665574,0.022585106736857617,1
535,97.43211582808205,0.0468237462667449,12
809,53.8712091113701,0.020513042215915347,5
700,70.78276660663649,0.07471823793156154,24
646,77.75552543684822,0.01048469046434323,6
431,77.38628813505593,0.06379154863262229,25
874,72.55502549100736,0.040635895352512656,1
32,85.06182459897907,0.06002646206559648,25
584,51.888910152555354,0.024857226264915794,1
152,82.08637761591612,0.0411591681849631,32
674,75.94460514311918,0.06854682797785411,42
154,91.97235648408525,0.037350247929848354,42
234,89.13727746394774,0.028777588952821568,3
512,58.27852826968809,0.04289243090021889,19
830,56.02176484855888,0.05738902024290935,43
625,96.93589278344197,0.03548506763988022,29
113,70.58138049308488,0.07511015801138184,2
48,92.57241590703734,0.023595665923387365,9
207,49.50509937926797,0.03803708849352964,17
655,77.2834970584101,0.06055421274731532,46
588,86.971890866914,0.055129687239660656,36
400,94.94892447601391,0.0690912841933725,17
188,59.565728178987364,0.07974473445448871,12
563,82.04890785559505,0.03414866630360717,20
457,71.2511545242979,0.008892070382664947,3
509,43.51647771185515,0.0024332704646374383,43
24,80.01998476391871,0.05815015249118173,4
632,80.02560037779492,0.06992109370469725,17
678,93.97519468109914,0.017657006875553494,37
298,68.8441218778004,0.012675842975192477,46
487,53.35455340120985,0.004976407322055279,42
240,42.58470176002339,0.06581623373737651,15
932,64.10724682778253,0.02491055519140675,33
429,57.511168604495104,0.03213575142078212,16
166,84.14312174938479,0.04022001532876899,11
559,60.547530360780705,0.06715625873676406,20
450,95.04612938626094,0.052066657724918794,38
106,95.81399177329149,0.0492051703886249,24
420,76.01269823262707,0.014053767996472857,16
298,93.86229664686321,0.04105519133678638,30
263,84.12955198184075,0.057230481374292416,34
205,71.71785917655731,0.07786087064243934,1
607,50.45786025452113,0.016112504737068177,24
843,66.59868072380272,0.0007634682453781317,24
531,72.53071887503182,0.00602411468787758,9
526,90.1097716826306,0.030068197214558338,22
644,67.91733583906856,0.06564357181967898,12
851,92.06513101532148,0.0005713665414596036,17
874,79.1122407833612,0.036538447430867226,25
127,47.94594565711294,0.026338449227311562,28
815,97.7089194208554,0.004198536807978206,15
918,70.57949432372693,0.03601890293380938,30
168,62.72778119172658,0.020379896586937507,27
824,78.22859833923253,0.028150786747760517,22
237,46.31581221090027,0.05644922438274344,10
886,76.91924151169455,0.041724078712877366,31
225,68.89768802895783,0.009971794319425067,27
705,63.58709605991782,0.07691316323389112,12
24,95.27516122837615,0.05087286125677907,46
166,70.30730357045908,0.06126947405300252,31
657,52.70881380925643,0.006337052000669665,32
270,66.61988180388332,0.003764670356801512,32
166,93.32446946521502,0.0015558440294464937,41
56,50.21353733717449,0.015103522221875556,45
333,52.40950824391774,0.03315267181747961,35
853,40.75571492991086,0.07486609067222583,46
694,40.823022864954496,0.0365647727412621,21
139,88.10471436359373,0.023220408429802355,10
420,82.46311119689143,0.04495482028157307,16
104,60.59238127421358,0.00895476625078314,7
636,80.50204711919922,0.048760471280398655,4
764,62.921943725978274,0.045474556346440265,27
941,95.268014167874,0.06335944267245677,25
301,96.08905552271003,0.07893500892936194,31
803,62.782038996941914,0.02006987773728884,11
820,89.54487056777035,0.04077251606430085,20
292,84.83916441845304,0.07270923250552029,36
78,57.97999635596378,0.06281519075382731,17
669,53.45831007626415,0.03899250424806461,45
20,66.57760972278436,0.07562973196918223,11
263,85.31823275563556,0.004578935481344751,30
851,95.68973151426724,0.07447988957700673,35
881,84.2875859942612,0.004040591390624524,41
559,89.60200513106545,0.043784379529174744,38
143,74.97772975788996,0.07123527584008686,22
721,88.4536541888433,0.021017675484904227,43
32,85.49640976419822,0.037779879915612685,27
824,61.865161431724246,0.02594631033095733,37
355,72.01543752300182,0.07617151336610811,46
311,86.6756810754023,0.06589164758024726,35
372,42.671290583017466,0.056720120906110366,4
405,86.86859837663813,0.0470101589292087,16
227,50.31751119484336,0.06564734314593185,16
150,69.85164979304346,0.031381363321883765,21
625,86.87997549424438,0.03580414840848495,26
219,54.7216225330883,0.05840013768646892,36
632,54.256831479756876,0.028620381063497142,19
625,63.36033511081061,0.005112075363869906,17
837,91.8892822595028,0.005946768710885717,45
692,40.02568132335806,0.009229024104456309,26
469,92.28021960523223,0.06957450586749302,22
365,48.92080742921325,0.037778114060496346,28
333,97.42500981191397,0.05703058954757892,1
142,95.38112559623114,0.031432746848391466,44
897,68.69116099629443,0.02069687579325076,36
814,69.73777437313244,0.027775373404976957,43
849,67.92986173599955,0.06353458762537469,37
136,76.85573144825231,0.05001729000251506,2
115,45.261858729626,0.07501118239663217,17
613,41.89184100381086,0.05437638228614672,40
808,43.346769848122136,0.045614530540375516,38
387,65.77319025600784,0.04881568071886676,21
914,55.98178047473004,0.07538971515747317,9
60,76.07829461751764,0.06305607438933648,13
38,97.56165278373717,0.0019232989893150255,11
471,62.40674403843502,0.04273117569085578,16
305,73.28279273806177,0.05506707292372519,16
306,64.10502596262546,0.0598958782751324,2
735,89.14175672786784,0.017051369545114933,42
788,92.32971140080981,0.06937418835610819,44
416,90.88662550790508,0.0764674517740131,8
778,96.51358984339694,0.01893722446758958,43
823,41.596112738144086,0.07060923660137966,42
622,88.7093374044408,0.007758301001287631,13
414,83.6027860362674,0.004456546889219615,17
355,53.264275745221155,0.01033790400821995,39
631,95.4665654164766,0.00461928635736288,24
429,48.59431983733684,0.06760097897246208,3
191,79.41389577376668,0.004724011556661756,30
834,53.043632575322924,0.02173313530909244,13
10,65.02007762889633,0.008300507482868511,19
840,81.711274022785,0.023633762905101198,7
576,72.6728292379167,0.007244757408073639,9
380,64.79510621703048,0.05344026005944112,19
945,58.92762899405526,0.010666145307406012,45
920,88.70026003110983,0.06814767406711103,40
670,48.341232318259195,0.06537528405813128,22
440,64.94596683872841,0.0010929348376487536,18
318,92.41793916295825,0.07165810844120916,23
146,89.05927392667813,0.002315545339469365,2
211,63.254622223436705,0.01917166279660453,11
445,84.26028508887588,0.0025911310220796046,31
322,87.74332818111384,0.02686747896314528,33
126,91.55547059221053,0.041109322057061734,14
675,71.58133460485523,0.06373158952121105,16
946,51.858731391173286,0.02703852403758689,11
812,54.80792643722803,0.056439201973849336,33
584,57.15029109441304,0.015000356569518427,7
253,74.4405438869577,0.060047876539530115,31
546,41.90295819945929,0.018879728472739003,46
611,76.89046318923816,0.011483580475501434,47
84,61.13254582883746,0.014832708029924344,14
815,57.12402454439925,0.01456505031054843,28
395,91.01080110223133,0.04102903035015929,43
912,66.68013894368633,0.06758380649505169,16
219,45.51307664089618,0.00636840615940045,19
484,87.95131254552233,0.056556505479473815,17
427,42.763192931317384,0.05234771677222861,26
356,82.15145500175541,0.069801596146349,6
538,84.88656086269857,0.01953180484055258,43
649,60.45095114387377,0.03600878869480237,9
948,87.83769566411164,0.07406618995548139,17
885,69.9082455396743,0.05279947601082537,31
772,66.87103188982222,0.031101473028927754,12
188,42.633390325184166,0.010512990628421478,23
191,56.821693231636544,0.020998800632047284,5
673,93.99857831134739,0.046497238199150664,43
34,62.725789870443,0.0574534358048411,36
189,71.70863019229256,0.009953750948151478,36
719,70.8572573810866,0.04796778080352432,3
510,74.24500320971622,0.04402810230710008,24
865,43.55719542731039,0.04111643573525664,17
170,61.00622277832624,0.05520984941456064,39
186,81.94143988518815,0.06699596760667695,26
294,51.632494562233006,0.02583917465414947,4
72,51.807545897688904,0.07112097520887675,45
671,40.58525518796343,0.012850689009484056,12
675,65.37395174327617,0.013841909580093148,1
165,91.19859407905848,0.021341765089913915,21
891,43.01025472806392,0.009562469563766225,19
478,51.08488515076815,0.018425537974630205,21
58,57.9849032238798,0.008512941032227567,18
858,82.44003472072434,0.06574019335883123,43
93,77.15686438255001,0.011117519350929968,3
370,64.12474646574759,0.05978380460478855,44
698,84.02599847698579,0.003833109433066699,32
157,75.35859867610031,0.07588162620111322,10
639,91.9703663801187,0.056892807002221296,40
351,87.44555145004419,0.0005437238868889427,15
485,54.66318915317363,0.061108520016017125,5
72,55.743437502783614,0.04112655366129483,4
710,47.270675595958366,0.062349213626809584,28
369,59.54395409161248,0.04179974471124708,4
570,97.97354728570747,0.051281988610828375,15
336,63.53356777967354,0.06290653243160324,17
778,52.78832921196817,0.03240864436702854,44
745,84.22400729958207,0.00021665198563616705,3
150,71.46331820083405,0.06799571967561507,10
224,48.67688407256325,0.030471229009973008,47
444,62.080001507330216,0.039683418081326645,42
900,64.03924350128192,0.0006213313723174974,23
732,83.72212263301468,0.03936736082800784,18
327,41.198939395730456,0.07891899212573837,1
41,55.60313951430201,0.02226141286550157,35
679,70.02058547630028,0.03163346161939025,31
294,55.59311106226492,0.05497519971749413,44
314,76.44917475030194,0.0651834934018927,1
438,67.94831379792777,0.03339132992048802,3
486,60.979194781855675,0.024773509632103403,3
295,95.0541003584897,0.07502606399880538,37
153,76.66525095281453,0.05417159733373354,19
433,47.53659959154059,0.009521704359451287,29
28,72.48531845171694,0.00551423025077189,25
27,85.28244748565226,0.03868398806322953,33
778,81.09240245458224,0.017607205283781794,36
599,49.98117529912504,0.02031878027010028,29
380,96.400359944326,0.07021537430622786,26
184,66.03119145330315,0.007165281945304853,4
203,49.223450216935156,0.05722912921831117,14
511,50.45135373943258,0.021691380270447046,27
122,45.69762954696667,0.060826257712331015,33
123,86.6040502892262,0.057792910757083565,22
231,47.07776867066722,0.0005913521155434421,3
687,47.257264914221324,0.04073083303372793,23
840,89.32735365612858,0.01114555859024371,21
653,59.98703689795846,0.06929816244629415,41
906,41.7897584498682,0.06972687062899252,23
273,43.00992737206783,0.033467664599500645,4
934,48.24588590882594,0.035551649476086446,21
64,52.376814182589996,0.02426263515236217,37
880,78.57847926582751,0.057328503916802484,43
652,49.12492424010604,0.02869290904211673,31
809,46.89471468827018,0.0214233979618107,21
787,84.3537102056242,0.03457848476036066,26
467,78.92120646387504,0.007319001470996698,41
887,65.2488048444037,0.05972825637153631,35
171,71.85996674584602,0.001007712101742957,38
389,58.095073178932275,0.051558804921647515,24
96,67.98502437365092,0.014629162140389793,11
64,69.38701364099926,0.01859232369715305,41
485,62.45976172832956,0.0508505598912032,29
809,92.58118821898545,0.07943547726263257,47
187,40.93158816889836,0.062217399125804054,3
400,85.36593325929228,0.01806717057787136,1
358,47.21420421199681,0.014081980403290704,19
17,86.25774691115757,0.06929862962141363,46
842,75.72289110924983,0.035534715833720344,22
322,88.91012927431134,0.010964224226252437,14
768,45.65583088717205,0.06897691386575505,14
844,72.4208767777869,0.06528738823314091,44
452,69.06309705520744,0.07871250911177309,16
776,80.9592046118748,0.07277949493701472,33
337,70.9888520098332,0.06814322709284333,13
63,71.36260489372005,0.004205951824880252,38
770,64.91656472741175,0.008353229559849443,12
248,57.91239659242577,0.04551865554432982,38
238,67.97133295262715,0.04251833970254567,39
588,46.87255680856723,0.036637057159162836,33
60,95.76777366101892,0.03174314603316674,33
618,81.4358242903427,0.03449683878914631,29
613,95.2430927678951,0.04554383473078362,5
273,53.15018817513787,0.00016612140800649657,6
427,91.00177917023862,0.020856701930628177,31
812,86.90981910468523,0.04146237765509689,16
105,79.27483992254507,0.0577772878938917,31
97,76.25169279294194,0.013932535391631707,25
87,58.35988058553646,0.04375049390299464,46
297,87.35182552797178,0.05715677471086254,33
129,69.08789676582457,0.03557021263311238,13
823,44.11171140169455,0.002166490693604084,10
500,58.14606332959754,0.03594145267725094,24
921,94.247231715629,0.02371559101953225,10
461,89.33945511508108,0.07437196861610627,41
509,96.95053048843927,0.009969070854266189,31
174,76.4236161910377,0.05219807644057857,13
191,54.35558424214389,0.004217581306760092,3
478,49.443272881258096,0.03569363502501572,34
919,50.841037555290775,0.04431835897760645,28
744,41.14814818414075,0.02383639450534924,19
832,62.659562437184476,0.036406050841630754,23
16,51.102805468973465,0.01308430356241499,45
339,63.87601670648874,0.024329907957442894,32
784,94.22967704664839,0.04968850599281624,13
682,64.97133215141702,0.024144004468892408,33
160,90.92310082512041,0.07197944627270973,34
94,75.11927646372084,0.05027255661127918,33
156,54.333630170360735,0.03509192147487876,5
633,60.63957603703426,0.0031005548443345976,3
390,44.867333077642904,0.0399638668163737,7
924,59.34083042856861,0.06118209937000714,24
557,79.29737483920498,0.02124460784099309,22
294,44.18244338990724,0.0645418855719014,45
709,51.9132816917257,0.02014454128407052,23
91,62.12358040197206,0.06589971103606404,30
523,96.95887314692582,0.006821467328934192,18
906,85.52198573161505,0.06929469670952236,32
824,82.54223129654203,0.03993491607466644,7
718,46.73907547847587,0.02372300716962096,33
925,85.2977618296695,0.021209060033211904,5
532,85.54559106792888,0.034560844714429016,28
755,74.86395634621104,0.07992395984829159,8
395,97.44098335590557,0.017626191475006606,15
716,58.864726543624016,0.00825733191031997,4
480,94.59380199802739,0.046802813497492955,34
128,93.05440466747721,0.03908339731522057,5
405,40.66587826546392,0.04193570168506459,33
541,66.10675853553904,0.05335483340457737,5
270,96.67204551699126,0.021371525589651944,38
814,45.981039019668394,0.07285319963071107,34
943,71.77151227423253,0.03485376528978323,26
265,96.77953540838404,0.010326895611396943,1
743,72.21873459813989,0.05938390053871555,4
914,51.00928757238505,0.05144834820942802,39
235,73.76662734537021,0.025259472198722967,26
62,51.857553289073714,0.04972149792272388,33
949,70.14284724788008,0.01758895650951815,33
876,44.29444863891619,0.035587148747242364,8
509,75.11799481443546,0.07195300177338602,20
515,69.97381646943317,0.010682738652859954,16
863,82.92935938816485,0.03093571599899696,21
373,76.58062732720953,0.06569139397762778,45
289,71.87716357478389,0.07755927195249425,26
602,80.00717325639103,0.03631409091374367,23
723,48.34863098718939,0.040559969611467794,18
167,74.53086035299904,0.045773756942701575,31
641,49.982414963721105,0.07458785133069687,42
68,93.6802880554091,0.06865654327816238,12
736,43.96337808104504,0.013648089969731547,1
137,64.961735482066,0.034940625427766,42
745,80.3562537040158,0.037120034255714106,9
730,66.565288276759,0.06312768893190054,3
891,45.34152468750834,0.04823143060843482,26
124,72.09598293534903,0.052337636962321035,9
218,77.21465071198656,0.07985599261324941,42
535,80.81995403744945,0.005996803477601045,16
530,61.64906923884001,0.01784078588269864,24
561,72.6922783196682,0.03263167498972375,14
246,66.13981554645696,0.027822592243910975,3
290,78.9792502476307,0.001731644907758687,34
368,73.84630410483948,0.007342208517694067,33
210,70.49386073442982,0.0544762633122861,24
767,54.47241327661842,0.07034595706900486,9
287,40.117074029397564,0.041138160901278205,13
244,50.096737168062894,0.04313528636109064,2
503,46.78983040260178,0.02040747462659035,7
13,66.04691521063491,0.06143010909069691,21
675,75.51097274418699,0.06014356698938051,19
451,52.358930503718874,0.04706925513741253,25
38,94.46531156609686,0.01701314292090743,47
118,40.38756349498549,0.007761457458967156,22
619,84.79345887958989,0.005139086068570072,11
736,76.26187663276565,0.04741568533143022,33
814,61.66617846076555,0.066002825531424,32
84,42.92835877591966,0.068666434542474,21
847,76.3942211634882,0.03708976594747598,39
155,62.365583746207584,0.06274170394453735,20
137,94.3034940859667,0.07575041570728189,8
862,71.43542434360643,0.02201360899904544,42
51,94.49978765502348,0.03183682771046058,37
365,52.78805422145164,0.07451831940773446,9
50,82.09210280111799,0.02705847738538279,25
943,75.80044320922609,0.07311010322574371,25
43,82.88567733021608,0.07848358898035726,33
26,52.450736110407135,0.05294485828595397,2
686,78.56968194179088,0.06535122316033347,19
162,68.8863427972984,0.059963645137686816,46
387,83.08384854456634,0.055962740609241904,20
597,58.96858936080543,0.024554485838498605,42
608,91.62330747698465,0.0045675470326354975,41
638,44.88947624745832,0.02744413860157205,42
883,86.8169804898889,0.05335487881631253,29
351,89.95653829727527,0.00820233585822411,6
36,87.40063405927563,0.0009534386382593674,17
834,69.738130867183,0.011175389808235093,25
296,65.42632884178416,0.05725887411286362,38
655,97.78321261844286,0.07782349613251552,4
740,53.2919731704214,0.07864517596918563,30
177,71.71880602081059,0.03951833193121503,20
619,78.89918047217488,0.06954818407938779,3
277,80.65032287996306,0.058946116460120324,23
758,51.83343061283757,0.04008321895876828,18
830,77.93165735570847,0.04582084263640694,26
464,87.46543485591756,0.010978171729349687,36
915,42.90107745562451,0.07501291684932737,8
694,92.86823501286835,0.028154381658542144,17
410,41.711235198421946,0.03569194051657356,31
931,60.64631988432687,0.0537328184798319,37
485,40.9171653815118,0.026712197722124315,45
711,44.47441977529575,0.020340732879114445,33
643,92.84776054044458,0.050483951461617646,27
567,60.581928183276574,0.001998726582547956,45
585,64.63674876465306,0.05765800896213431,4
139,52.48997412018805,0.041121869590120784,22
831,74.63155467082974,0.04846029844167475,26
372,74.4985864513118,0.05055041273975081,32
714,61.587622725862715,0.042164012519405096,24
828,59.31602256471311,0.04660270219525888,46
702,91.3279298744741,0.05470305607118997,35
301,62.23048589924768,0.060249507774373934,37
380,68.62305754495567,0.05819619130288964,32
803,56.431676220645976,0.06956931661858094,7
38,85.63263119471338,0.015155474653392221,33
158,63.051993100147314,0.032091837559343805,31
788,69.78944069957082,0.07582368528115657,12
305,54.69471586346036,0.031727245950906376,11
20,97.2842563557926,0.009989606152473813,24
521,56.90675297357593,0.042035610108974365,8
685,84.703066792522,0.008759277804356973,32
122,64.79474772069203,0.016228259098229218,38
196,51.96060949488011,0.07986550052567654,22
816,86.38368830996195,0.04330901107169056,34
753,59.349193763684504,0.02272467112323432,19
236,90.18121414907304,0.07958199636591248,20
319,93.08491672523374,0.07732471348441146,14
107,89.86978245269401,0.035259123286741086,33
64,42.030459058794726,0.02083224870303267,10
632,85.66765401029612,0.0670719710473752,16
673,63.85768905695034,0.05724965735774286,4
767,90.67592937056905,0.054955314800280826,27
415,77.00134723571485,0.0714490993057978,28
78,88.35130178034959,0.055153370709705975,43
321,68.96704265227645,0.02270383544332393,16
298,71.0314792667381,0.055509052950058584,33
771,48.3744826637527,0.02446508090269312,19
557,85.47126680398262,0.0607391183725596,21
760,64.32459747668436,0.049579828359325284,22
157,69.00464685975179,0.006192924158780047,9
476,85.53566741755104,0.041026828994811367,9
748,74.73303320460747,0.027464077535659274,9
253,51.66372619167471,0.02628565061858354,27
500,74.23349423075177,0.04818050419018058,17
858,63.642705762820036,0.025785985957553992,44
516,67.23248143854403,0.06215149985638981,45
374,41.64205391535473,0.005663314880893955,8
491,52.18170227194433,0.052831060191666036,16
210,56.30020872009964,0.0647355842925393,18
163,81.35168045581074,0.05382653519363441,33
459,40.666563451290685,0.03977833560159966,1
510,63.70908115128966,0.0760245610988945,12
82,93.59355848469251,0.023995079183845087,6
722,46.489075759849186,0.0015334310019982224,41
305,69.95261451667945,0.03455914971707527,5
26,85.61829817866912,0.00264095487202618,16
650,94.66681583616676,0.0763149402021127,18
226,83.31304509295565,0.016793443659844122,18
70,81.79280182137556,0.06311416191591036,1
948,87.93630923135422,0.06196576665394919,19
625,65.87967081669753,0.01741831197463468,8
51,86.73898289183431,0.049698122438413386,3
34,40.46193547523617,0.0038463174789160172,25
48,93.62454121185468,0.0386859668563094,5
812,65.71177755199616,0.0011717701817989391,40
140,72.09605089621336,0.07369151041446735,19
507,54.78317043706318,0.07808688193596573,18
238,83.06678830474445,0.01778262133108682,31
117,44.44487677556443,0.016648482767709822,33
181,90.61287654771644,0.060297614124970374,47
444,88.03077608236788,0.020270351906346757,18
487,52.53148674219645,0.0716061247329476,39
111,86.94081510054522,0.04591433088983858,16
875,85.60874851756593,0.02806220984082497,16
533,76.66856266972904,0.06661549970795361,47
284,61.664170260181876,0.03947253603307162,38
622,55.74692774254834,0.07293063309667805,41
53,53.4434482367823,0.07424113893835048,7
826,58.479319840289214,0.013233612170272746,14
26,92.40638971908676,0.0001858724905544218,43
339,44.50316500734932,0.07871447521139217,25
578,88.0745340226716,0.07249100289019836,32
832,60.235624352425766,0.004435618856307313,38
506,70.25276496865878,0.06664274111528559,22
824,86.08016675161245,0.03662439460473653,16
21,91.29383972733234,0.020716928401998017,29
327,59.997322364213524,0.07029972189415438,16
601,66.7869219139564,0.015733378591224582,12
225,64.04193175937395,0.07578399995360535,17
348,40.76855994322681,0.016449719015947287,37
785,57.16468755380208,0.04909465501829948,27
670,66.63297555648859,0.01784690676231799,25
90,63.84342931506551,0.04365349319749078,13
736,81.8718951959094,0.05471801039321131,8
494,62.318609798823985,0.015218234465611005,5
383,68.38383404029888,0.041670862616054336,12
719,64.91729834367707,0.037524779551209524,41
209,82.95631663587349,0.005682993712267299,3
546,90.05239914124382,0.06546462541402423,35
475,70.84956658243583,0.026854592051427338,33
98,85.78706726332109,0.04596657580415037,22
277,57.213627557151334,0.04118273879465075,44
664,71.39943738912159,0.041060840365635384,9
580,60.0233373128584,0.008577791536678996,41
931,64.02365368316616,0.03387856073994662,18
498,82.48000415913478,0.03618934073652562,29
886,91.13642397529733,0.05869142722915588,39
547,47.0467326830904,0.06720150655365588,27
56,76.80907687626807,0.04359858224800144,36
297,73.76434083951231,0.0069426363251992385,45
787,46.868072272204046,0.018947957647723702,17
25,52.28987116552633,0.013194722148218485,34
720,58.03814469449546,0.009969205055129979,46
410,49.68200210741509,0.029271943889424605,3
928,54.136309986411824,0.018351480172350564,5
803,55.52084633397904,0.017464248944920983,14
95,59.46908231626546,0.004375453966101413,3
259,83.46464626246723,0.0014136035836347105,23
400,73.17090782333484,0.008221459411982544,39
791,97.20230697318128,0.013775798353890645,30
344,64.05467796411332,0.03447869830785625,45
638,83.72417428254165,0.040841620903907576,23
528,90.54516843983896,0.011247353453869248,27
146,79.38075259620643,0.033982667321934903,10
892,63.88815494421477,0.027339907386074183,25
697,83.70848858325367,0.014673891479836483,13
849,51.812693990815724,0.0005472598518690841,16
507,58.99802558044768,0.03736142932173934,41
836,71.70774479575874,0.05485213994121595,34
736,73.3737444625966,0.01810218673150456,37
486,41.28420557741251,0.010544546391734348,22
603,94.8166229478485,0.07096341955575695,17
232,80.40438173060862,0.022001981799023823,23
381,68.75081751344968,0.017889009583413183,36
944,94.12137959568189,0.06856775516879327,9
411,65.46754278454806,0.06536856793334091,2
452,96.86526307568157,0.03586771764197069,32
499,69.71251592012213,0.03913910891422196,22
624,46.62857465988281,0.01741989638672176,43
282,84.35845640263808,0.0062641336383646,13
535,79.37606805451475,0.04587454602845289,8
168,84.83322983572403,0.007867593727217051,1
161,95.1836376660895,0.03594196375653198,17
629,85.03637955375905,0.07523977588104086,12
197,75.45752292856552,0.07622675113364676,4
822,89.72391633692877,0.01914658292378869,13
107,79.04829348256283,0.049929073603652355,31
140,63.67090529590354,0.03792610112862861,41
814,91.36594632602285,0.07005481020688847,7
180,52.87022672549362,0.021714469142084258,23
945,81.44919394470601,0.0002961925465933479,24
192,91.13068038656391,0.013004896474513208,5
373,82.41635814279118,0.027961824093551843,5
48,80.44197430512371,0.025257690381639088,17
536,83.6530210561665,0.06330903352983087,30
897,66.97320440143737,0.05444485329110703,9
506,90.70189956510751,0.02396450556919178,6
525,51.79931555789329,0.03661950537329707,25
358,47.38841212801968,0.007644728316666818,19
930,56.55950924687367,0.07185171558560806,16
406,70.8314890129496,0.07483398595588274,21
731,69.6125841337416,0.07838428283047505,2
170,87.59472794524203,0.06948422646286702,10
25,63.464982071433006,0.013916871015698043,16
502,68.0919767249075,0.003695718656130307,37
435,40.77532562904495,0.04636773819301392,15
117,63.764875713690465,0.07300840215064884,13
903,77.57090551111985,0.014188108932779428,13
459,40.89948317634234,0.0005634331699313488,32
320,56.291153980802136,0.06443968368257955,45
748,52.06146883878461,0.00614365474293872,47
179,42.435154876756116,0.03309648255280243,46
555,67.79708521504317,0.0543109869751028,8
423,50.53995100723308,0.01894380683649441,43
260,83.09872929862004,0.006717005075738136,18
768,89.17981725827421,0.06160169827646629,36
790,71.64394059481057,0.05041400679096331,26
150,96.93902586622622,0.07907923875894439,10
283,66.12775714529452,0.027544642665596746,31
425,69.7753561930451,0.004940990903215976,33
617,97.37462972954951,0.05874800282682366,29
748,53.42980928597283,0.041738673508259654,5
900,94.6676645012605,0.017056314511130807,13
48,42.484578196908565,0.06253831912038076,1
823,65.8904396352653,0.0163004388679955,23
38,44.06020370371782,0.020852932386634927,40
486,82.2956150889913,0.007402284349337531,3
327,75.28771828104104,0.03195458232246835,3
254,80.98478728112059,0.03351433791499352,7
757,61.719863198144985,0.041164943227863876,36
706,61.429952173820055,0.0567171413699022,35
281,42.628518179731884,0.07248807429443406,15
449,60.29680649271911,0.01101872791102469,40
757,93.89872733119945,0.004347847867892564,3
248,61.99513915646604,0.001482498687546663,29
386,88.21932696087426,0.0114897102455053,30
275,88.85487927549617,0.05263595886253008,39
935,61.647987069995565,0.05819816623971973,18
930,76.65534346297896,0.06292045708224978,11
368,45.5315529318374,0.019496656952347414,43
349,46.01335768258804,0.02447158506092159,38
398,42.82214449237937,0.03865077164523996,40
586,73.69887541575635,0.00505464774881812,1
698,64.71211670231362,0.04889132185689969,29
12,71.78587668652592,0.07869880269406063,10
438,70.22224504948649,0.028864504910240205,28
151,60.31177348326236,0.060227798007310714,31
385,79.29345805976143,0.04000271324556864,19
679,83.99310909315066,0.010224947548830618,3
333,40.84843901490519,0.04657899590420691,36
155,52.020053386594945,0.023989941475525196,43
302,81.36768034883353,0.0027522566762766586,15
674,62.42397001276238,0.050794378409419506,33
441,78.42406892261327,0.0687145879459782,41
714,60.12383426460439,0.02758158135198993,43
594,62.66379883511895,0.03122364377702164,45
408,49.20337467400172,0.07128173463737693,26
826,54.97739914063728,0.06508870506938848,16
898,75.11388193544006,0.05719622588414217,36
353,65.12346045627964,0.019903765100251835,33
149,84.90955561078651,0.07281733239733156,20
196,89.44992738642388,0.01235326060313704,13
814,71.41549225657207,0.05014164155337775,33
70,83.97950293925143,0.002304094443721496,5
948,57.800461765285064,0.05149758450599567,37
389,64.06833049320454,0.022171548149868787,14
719,81.3411052205762,0.0359741581746976,27
816,62.40029558338778,0.027621164164564248,23
449,74.13328623922135,0.013820540499696792,14
328,50.75162118678567,0.04975846320750993,40
311,74.78673626828888,0.07055804441124859,4
353,89.96779501915982,0.07672673938259228,39
20,90.38109910975868,0.015387709052313205,19
71,82.0119755671133,0.05738982192503787,47
854,83.25369598641531,0.05314714932845458,4
235,72.35979181874065,0.027470223165965806,30
162,73.91074922961783,0.001527935948298067,19
720,47.75173372181004,0.05518329978502929,31
573,65.74383292843547,0.07563958884476002,31
781,66.14502446540911,0.05056960975325211,9
580,95.59287446872892,0.03482341793501073,13
593,65.00303803215078,0.04201231152893027,14
669,71.86187340435994,0.015970304612793404,46
870,70.92858115818794,0.06004353310029901,10
584,76.93217958857097,0.05971358640078792,31
319,83.39750421724996,0.011641384030993995,37
894,53.05242881791058,0.07023827059997273,23
252,70.66601630770927,0.02153517915786442,27
502,87.90322702432977,0.07858048487492919,6
375,66.86065340257566,0.030632241122979666,26
339,56.15053768966723,0.014230724698759972,2
116,77.97312637066534,0.028137608907652184,45
235,87.77850895634913,0.03521442629577545,13
834,43.6621369897887,0.005544621843063586,19
227,85.05384803761918,0.04625747049786316,1
946,87.65558011178273,0.04781059518951203,40
762,66.7683298001392,0.05911443642795778,32
515,97.03172809547111,0.0023335913832594635,22
268,85.62908376102394,0.04329905715470641,29
897,84.87242876394862,0.004232594661653151,2
783,83.37463731590016,0.05609153759733228,40
526,48.735269986659894,0.004458238856078758,38
782,52.59939141427463,0.07293822786733062,11
63,66.91142762493665,0.05616660535075973,17
56,55.31225229764902,0.04059118120681257,43
736,64.08397639537435,0.035320313862494,8
698,91.5309183755294,0.01045381043306099,22
530,87.81095972899762,0.02327995116517305,4
108,76.54231295183897,0.0695167284016717,11
29,89.77098286656401,0.07235622492499952,8
899,85.45879856300046,5.981666964248511e-05,9
762,64.88112604677164,0.047530911318204104,26
582,51.66177881889682,0.05754404872200909,2
900,69.82366032054168,0.049499758596608504,16
499,82.7012751866559,0.006534381189308318,31
428,65.31233672631639,0.01741799190391218,6
699,78.67277076746603,0.020027221390510882,21
859,45.47099072488053,0.06653797050440717,26
71,83.3842747095414,0.03705595490471364,19
154,87.1373899537976,0.03894625695529895,28
225,80.99659563527139,0.07479144372436068,8
12,96.1012880765292,0.05096687110837724,14
169,87.94581933271715,0.07189341612421311,24
748,92.37943621683922,0.036520708427322635,44
790,94.14712284054359,0.01195490068146354,37
129,86.4781835286809,0.07439484752592686,26
902,79.10701283637695,0.03669640925340306,31
98,40.33167771892578,0.01453051375030575,32
338,67.01789368694124,0.02419165922431378,41
589,73.12741332009693,0.00406420717511538,2
919,57.63375580198398,0.03746404731651081,25
366,58.45005792040138,0.06825025375281893,44
619,95.74724611118958,0.07468643648053515,2
276,91.71923018175926,0.0746081766002915,42
626,89.25238231909884,0.01001840205029974,1
332,63.548684498954415,0.030564310600884558,36
644,40.79451592371704,0.00225830077205651,12
550,44.652890294431415,0.06841322759771783,9
658,58.10738935662101,0.028700460961701903,36
204,40.913088953749266,0.05048936223137879,41
930,40.99468735108149,0.05719187504618309,28
747,93.16299149525983,0.03438757357945243,38
341,80.95719312290514,0.02451538692401944,33
179,57.91944742395285,0.07697703280927558,42
530,47.693385500855285,0.07715905800190834,46
472,69.67487163791448,0.023154909442401755,22
49,40.31007732955314,0.03837000773955665,25
546,94.42799714377236,0.07782753269280179,18
270,64.05927692455894,0.0003894726124402581,6
404,63.3354274037653,0.03301425987033194,18
235,62.654429239743365,0.008036603974477474,16
133,44.02104316249036,0.04073263724500821,15
47,77.02268990792594,0.001973596363238972,8
337,82.5142099384445,0.03255187451125023,13
260,79.21527306012084,0.01765592598282681,43
910,48.02925861310487,0.04266466899669927,7
185,73.57272974606437,0.07967949192805597,17
611,73.03010008199072,0.06404288841013982,32
923,90.36782570060016,0.06765136732995371,22
463,61.98940418578753,0.050821198988726474,13
46,61.546184732247184,0.0033247878617806846,47
325,75.87456940565477,0.01654381408353153,23
697,76.71821390297175,0.0740051645157644,29
805,67.21854318489584,0.0292890494343001,22
602,65.69744301516442,0.008290938118463646,1
123,68.6605648969972,0.05619242926929616,29
49,89.9406273711921,0.02395661791474037,5
310,66.74768027272678,0.021508553032333736,35
233,94.51604393424971,0.07983819644466082,10
327,69.2322182885869,0.06865111400213235,19
358,95.0536402044917,0.03263502546942729,37
124,88.3042503084064,0.07842089662531992,7
707,61.02101671171809,0.052009057873537094,46
332,90.09120243520373,0.05936179615038082,35
577,46.38367048366468,0.002521043446576927,45
49,93.65273616989484,0.009728420747844569,13
875,76.63532387480771,0.05064681011969907,10
49,43.15466341429405,0.07192191861195872,2
868,77.36688997174707,0.04989949808700765,6
758,96.50636394039586,0.010721991545519343,8
298,44.048437967648475,0.00926080369970597,36
271,72.171887167245,0.06753487166592653,25
225,83.3720722860436,0.011144187096633144,44
156,86.99499802857282,0.041618556840322035,47
345,64.00199298860616,0.0029690655969841816,40
177,51.84166043175809,0.00645358139129419,7
101,42.45585216879826,0.05378786141142919,46
362,73.62411711163904,0.05513451283420134,23
580,66.26884207552142,0.02731755252867539,19
580,95.02717491868324,0.017248781219443583,46
825,43.51508464746477,0.06509682166058464,22
690,79.75292991986834,0.01736825835759123,13
790,41.44804088296332,0.04336216557331038,21
372,49.943182249211475,0.07745670726903243,1
566,66.30758199552437,0.011828195028990702,19
354,66.38260168256636,0.07527010139957671,33
702,79.77063149015135,0.014631444245493492,4
179,92.79235602232988,0.045395456641858366,42
365,77.06386521706541,0.030160616956699568,3
200,95.30503567538751,0.07719428812014607,27
676,91.13370711292386,0.021883362320154955,41
431,73.90098814078583,0.03197264016686029,35
709,88.35993315329198,0.07862880942843364,28
16,77.26950139877077,0.042917631295077856,6
142,44.556354193576176,0.04021040924970028,6
756,82.95275394905158,0.020622279056319304,44
566,45.50468959350608,0.056109084824835315,23
835,74.45680127304333,0.0011498361422222114,33
770,80.75313193977728,0.003961010376183483,16
40,43.85860127622961,0.04794868697086422,24
544,53.386089927738844,0.02733396590547633,5
435,93.10898947117569,0.07626530977607685,41
403,75.74624054950799,0.07225525525782285,42
681,54.28458909101083,0.057096500694136576,13
372,80.05942672658438,0.06545164649022411,47
446,74.613032357778,0.053386547973415466,12
679,69.09139059524101,0.010046568216812855,5
560,96.61884454930886,0.06124346957513622,37
936,79.64031908963551,0.01681535749750771,31
91,61.77558436073893,0.02587542840801574,28
365,86.40425906045834,0.06553873696819362,28
267,91.30583098942888,0.04292204867147586,30
727,47.262792451976225,0.06879525713467274,18
598,51.63207271502546,0.017042825587461136,44
533,52.54116652941122,0.04862227508855098,27
304,80.09028494441934,0.00670327780386093,35
233,74.97629419309044,0.05144487948320237,26
534,75.90151075251812,0.06100272302204278,39
55,94.56485138199106,0.046794471518297735,18
676,85.00286890282375,0.02129852011990482,33
122,47.42034162168343,0.0025074135087093377,25
242,60.155410780660496,0.009555910717142862,31
26,65.25283147819266,0.049784238325922096,37
369,62.965772147361086,0.0747536173474011,2
232,78.819899331389,0.01652275231776051,33
875,91.72979998888063,0.05880209192840791,39
709,57.7509848843217,0.06931608505992333,43
457,72.00887391242877,0.041670574275800884,43
865,85.78574647098797,0.05354126366749262,32
374,64.14064741303027,0.06520122533409185,18
684,49.75085144715916,0.020854012619247488,17
335,67.5471559852974,0.023751653941443438,34
476,43.20290620309565,5.020133027649365e-05,39
423,94.65824033213205,0.07704753047182421,7
464,44.339629901308435,0.07340359156770758,42
595,65.43048948453354,0.06116546110075443,35
242,70.73311314313452,0.00632608167813185,30
233,97.14762227266256,0.03580023117596065,12
840,49.62926577128592,0.008151340317724225,35
421,46.637028079516796,0.0012736213810238884,11
581,40.50495652962753,0.04929463721700778,44
344,49.02314333841954,0.07686635336641508,4
231,52.02183278592472,0.07222944187457202,25
46,76.57369461181935,0.05574038519483235,32
287,52.742993842701225,0.0077312467331897144,20
205,41.19020725430086,0.02193312301378401,31
925,87.94386403914434,0.025604538150823277,4
873,61.204550658230076,0.0610520046196449,38
493,60.51440782168257,0.06417993433880913,47
251,57.54378369173974,0.030808489839193633,1
333,96.57165007449241,0.033430719729408774,3
740,49.86669420393832,0.003560723142093707,37
201,92.09780770928764,0.023130937473500878,22
26,85.0545932641135,0.0361028141742112,17
533,44.43583741896016,0.009358643710820607,14
927,97.23028788704923,0.03626139686040171,41
410,55.73922588526261,0.06825406498062403,35
915,45.71780976729992,0.04650568157800427,13
895,88.10022557929405,0.006314388403072986,35
714,80.98718095330659,0.015333705506421947,43
31,75.79869074091825,0.0379635480126845,2
483,49.04689009453812,0.028918971985744966,47
129,67.75277474284579,0.0286981615636879,13
219,85.2722495594584,0.04234139585148721,16
315,57.61018841234274,0.04675167372715659,18
279,58.078010053872404,0.06374892562209529,7
713,40.18217255079108,0.027277325076998774,45
696,50.106117295432014,0.06443730264324694,36
294,90.7735262570664,0.027088898329010604,41
725,65.62129651498701,0.004434639115298706,30
685,97.08560095559717,0.0443350120803833,42
772,62.95106188727997,0.047032185991585165,41
236,81.48081437725399,0.07476321964974882,7
390,56.35130448847429,0.05808490608499795,15
469,61.100959186174144,0.07342181219955517,40
16,51.06210728027189,0.07266777681944077,19
38,60.12961737296491,0.048365928820659376,43
916,71.7397761843973,0.042220965226915805,37
42,97.52282709679646,0.044595277373087994,2
655,78.52369935816357,0.07826646461417983,42
888,51.556265355682214,0.06185341533975671,13
88,42.60776361230997,0.008501272383391668,40
937,47.328675916241615,0.06227427254251199,41
468,72.62820167383674,0.01364304391185807,43
579,84.37929907137244,0.035788043920450055,43
547,94.54431402344332,0.01683677377412274,31
491,40.917743975815604,0.05516664524265839,16
439,70.32008821058845,0.07018477889544285,42
747,67.31030666094425,0.023228950829334478,44
294,78.05119127459083,0.006560859296655011,6
525,72.45557355898983,0.023879447845997062,28
108,79.84827073378388,0.053788948634575555,32
406,78.16878991545305,0.026300810204355995,44
498,46.78668004176088,0.022248973404304272,10
48,86.38363898988574,0.014754815246741196,18
280,47.14748939154684,0.039801314149954685,4
896,80.51477626212996,0.022075906252575005,9
806,64.1364313231552,0.058480827931158656,7
166,69.80334260544268,0.006129792159376217,8
84,92.39128483379122,0.053122642648905406,43
893,91.61325613546222,0.01900480116542159,7
809,87.43566572799172,0.039142340884128254,41
139,69.58860606646675,0.022887193762500847,40
696,82.70190898776232,0.05782149408086365,3
93,69.74802922009094,0.07562456322013093,17
31,90.43715278353709,0.07336614235758507,2
468,63.36099832750819,0.046674097211527286,15
548,96.27364997606286,0.03700882426055827,46
716,94.0747199772749,0.06546404075515054,29
858,83.01295192820356,0.0546661090102184,22
391,56.20612128221217,0.01468512913735463,4
757,47.63590815000899,0.06567353708904002,6
449,89.57280010540545,0.034310751151576814,38
613,49.58753259600175,0.01511885279769401,26
30,89.54712576184546,0.022543788031719397,11
312,68.46437038931691,0.02140216241986739,26
878,63.580293460870045,0.04153655796827681,17
93,92.38506517239689,0.01874960725423004,24
783,75.02335698733611,0.009885318992126094,28
668,73.44361241352362,0.00989526804910086,35
462,72.40842478821506,0.04666209577112773,31
396,61.52783192913282,0.058780743107950284,13
516,85.56730000468939,0.025722640707067264,35
266,54.66230975291484,0.002772056785121366,16
579,94.45590768239396,0.010177990954960858,15
901,91.85114189272373,0.07317556482696456,43
943,59.57385888914409,0.03948349276715624,18
536,82.3088986502365,0.036285824769213985,47
171,73.24694527807631,0.003043934264807273,37
172,59.58365951595561,0.058290961785351925,41
841,97.33425558373591,0.042245446474566316,27
802,41.46376605919932,0.01616647488692166,35
801,54.653469776034626,0.008805900814484575,45
533,70.16429554444672,0.03067102909055988,35
795,70.2732742017567,0.06697295713560206,28
280,74.15811834684271,0.06922356473608196,39
501,83.59721797732932,0.048227710431650916,38
217,76.1617141701192,0.05820291417841141,9
548,74.81632471062615,0.00921246299222963,12
593,43.103838848956514,0.04705008523742839,15
69,61.8387566917793,0.053357256278974544,21
439,53.45923290266705,0.016057027433103378,35
666,55.39146647291457,0.07041237863282071,42
614,72.15157351174,0.015599739001681582,33
318,51.57130826591729,0.025078188787716033,19
529,57.04904785898006,0.04964454776187669,23
600,53.750913094005725,0.05106800521045846,13
36,95.01317070665529,0.05595077927898938,44
695,94.79061246592352,0.008960937045456455,1
571,75.376610398571,0.06795715439428443,29
208,93.6223031864502,0.04262777058266079,24
396,85.57713343716564,0.03770574352840547,16
358,74.2169772025049,0.07848780996108076,25
949,40.37324226681415,0.05923026375528158,23
702,84.80594459260543,0.00944048212954999,28
545,80.7443238121312,0.06052313337809926,47
837,75.68471189038002,0.007619914717829559,16
387,84.10461007758336,0.0021976450010387882,43
908,69.7494855569364,0.03229007162159177,38
925,80.83682973663767,0.07948625382553749,11
567,94.23998103013662,0.013990714895589012,3
536,61.796690919073,0.0538115474821432,15
162,81.07106642423628,0.01387168529648955,1
743,67.5898934446356,0.057982957996670886,7
215,79.11517980521093,0.04042829345902609,1
464,84.24781346215312,0.054397736807150106,32
282,42.63624502527617,0.016229854073138768,9
903,77.50282574902239,0.05965026660164016,29
245,53.150988695602784,0.07964952476981654,26
861,78.86188719283888,0.053252040050076783,23
749,67.16315078416118,0.039478399845830216,45
530,84.86605902816346,0.07385391908954118,43
687,47.15724728192459,0.001268147378550104,29
840,76.32669639605932,0.05839388154286569,38
735,56.15130227779803,0.07109972134510503,33
510,89.4729557291743,0.004933966689676597,7
126,93.84624332690584,0.036005133633260654,12
395,97.79110103338522,0.01637755631599991,31
353,86.16842934078242,0.045321453247026404,32
593,83.71657608482427,0.05196343668829284,20
404,52.49904401431796,0.0242098546343004,17
73,59.488409421426304,0.03679853357424807,36
726,67.0095874222122,0.02234715882212476,3
730,84.85610077137048,0.029551293156409104,1
81,93.06802017452218,0.012763196535073887,27
798,50.97006780133311,0.07084475548685051,47
283,93.49731411086597,0.0008008328447309144,40
329,80.34622983653537,0.07059273491550308,33
347,75.42470237973224,0.045734310267979084,20
375,51.590793734352495,0.0265326275341614,14
504,43.22045190293073,0.05784457003682638,36
616,72.97096411346051,0.040620172149013145,5
175,77.78790963307576,0.03992869264860852,23
553,52.225324062571914,0.008811382633517315,45
20,72.27445993787647,0.031161282075632697,15
310,89.67661736022927,0.01928514766853893,6
738,88.43382483639115,0.0012556724477023717,33
810,93.78660047400524,0.02880797046256906,19
111,61.22137695429907,0.00718577035404838,13
434,58.44687520795328,0.020546403018014817,29
401,83.4667083468869,0.007401329694647556,6
788,65.00451949562628,0.008075330044511908,15
223,45.077822513611274,0.015920903553215064,16
700,56.402465578888986,0.07998793955891202,24
97,64.27777256082636,0.00017473142857990176,23
562,56.96595267762262,0.05109381088963242,10
410,59.26792311494465,0.011299495842124587,41
597,57.03900255811466,0.07365025093686206,41
898,42.406951696618606,0.0074906314666903385,17
55,76.95149264781767,0.07640505497009892,44
681,74.64296038050122,0.048874110998678236,45
472,77.89624291176348,0.00010144615323921968,30
601,51.15397396995039,0.07152057583334448,44
319,57.147963413524145,0.04173694410935346,46
95,75.93772376280549,0.021013578826438763,10
101,74.77839897067544,0.06138233420125041,19
669,69.36715794254754,0.0741332443109496,29
682,60.32396850059145,0.038695265851743516,2
723,92.94999827693202,0.025244277955448872,36
945,59.70667405333294,0.06311560991479415,19
937,66.4259110733606,0.054542839823076374,7
251,79.33060219534411,0.0711001987000218,26
874,71.49524299027232,0.055401121020895436,15
11,60.11938662913436,0.019482267111962905,47
234,65.26739784647756,0.07453273998072152,38
810,86.07988743550335,0.008386859776479306,3
754,56.13149101822352,0.02143542000854783,38
935,48.25080390705529,0.041615568617910846,16
938,58.16346570612707,0.04525936208567211,2
598,89.27298449829827,0.0012248469301524346,31
125,45.16140346166811,0.062445818065675195,28
675,97.5183722556022,0.02892858547403116,7
927,71.37816813780442,0.03251348328017103,30
112,97.12105315009146,0.06474956355495566,43
203,94.4617924809867,0.030342671338203564,7
175,66.26319542423317,0.0037779901195803857,36
880,51.51248232711025,0.014115181637628024,29
99,49.56331704077803,0.07647225379105459,24
695,53.91938310445754,0.005632428992201133,39
131,81.18769315274317,0.028394496077441298,4
152,55.83109969442629,0.04025433336410757,29
115,59.8026656370493,0.03946246618708481,44
896,66.02917063168766,0.0003167954409714202,5
437,92.96749546444447,0.04009301851659923,29
314,50.98481823732107,0.030701796638192738,30
881,40.29154005136858,0.07776634683796457,29
326,43.48559180193387,0.012732726719506387,26
644,92.47644781744684,0.0283323357407596,19
911,77.55595496091506,0.03355851880718558,26
18,55.836355921012796,0.031255482968075905,37
783,50.27716505864908,0.053266466212149005,27
82,57.06747072495263,0.01724102860382151,30
368,46.658221780574245,0.017685724225119347,30
232,94.60890879649759,0.05833687588006825,3
425,85.48395811318548,0.040023241494254375,43
562,66.81868826092736,0.033212454084584835,7
379,90.16783109668171,0.013536244134180144,9
725,54.46857584900747,0.01500217783297333,41
273,81.59299297138722,0.0008441309452720436,42
849,89.65568494279712,0.007314101508936739,13
699,60.69258527414981,0.044547095575219284,15
869,83.93293783614162,0.07134985040067279,5
327,57.114196257329944,0.022973181210444595,29
93,57.33371384502379,0.026219778071690254,35
327,46.20931635614279,0.009248448848920976,27
120,65.52336669754513,0.031090475648568223,27
260,82.3232905768505,0.002977736365546333,8
392,94.53280672313453,0.07340805570095202,32
16,75.02022553188758,0.053848907849962296,20
468,90.06186118867286,0.07925990475145751,10
93,87.70468965883317,0.0706258530142795,13
217,50.053897072566286,0.03783924749585221,29
909,68.17741087693263,0.041574802492030154,35
399,46.78156506047271,0.015246083721375508,8
323,79.56488337057483,0.03696314742716445,29
31,95.0941807582724,0.07224222987942494,31
419,47.95118856856788,0.00406827389086569,41
904,82.5652215865474,0.06908454423986478,30
524,76.66981275033594,0.02727582413140878,22
136,73.84909214646979,0.07196102120770478,21
818,62.626973611923674,0.07527039250731878,12
709,60.59763556972113,0.05366919096015248,11
883,42.62445296309549,0.05315390292741423,2
23,52.63870507861678,0.036220347016699204,41
21,40.88025917263596,0.0668432179634966,2
96,73.7221921237572,0.07692902067466266,34
533,46.13948768091871,0.06200654402712954,3
918,90.63512485372353,0.04975493870053674,16
546,70.34229520043559,0.048543431665706946,4
310,80.58201472540509,0.06795759212669299,23
252,63.82971132674879,0.04329630126170387,20
131,72.51362892206082,0.06430879089990581,25
156,94.67423226406457,0.04071082041393966,30
576,44.7985742981729,0.00499554199791393,18
759,54.728390771574375,0.03071576071233242,42
365,85.23932296081156,0.0355552766137199,11
694,45.72675799919462,0.011329379598929377,29
913,44.38834402643843,0.008199706335137025,17
742,60.96940112773424,0.04283719597255633,26
640,45.34574159140107,0.006811490924486572,23
318,73.93454964795978,0.02423561343120672,20
704,53.12396454736279,0.059567758077046076,45
297,91.95048186556359,0.07715457436543846,2
316,85.44300468902489,0.057429646444154284,24
821,80.58290195376962,0.07941004387622962,31
603,75.78275358830112,0.05586703770235221,27
923,90.08101235980487,0.023503557652346203,2
732,52.9375995694799,0.05376420324042895,14
671,90.6403128803252,0.05617254121575231,4
558,85.79055330859504,0.029738158769316847,13
361,83.39332793048577,0.0014171080487511212,36
321,72.5528293283456,0.05625598278203896,35
882,54.282161336294806,0.0017360076220433295,44
68,64.56577912752999,0.05049504624480569,8
652,86.0270979632505,0.013089319099404407,2
933,41.843152092724814,0.04524828221984347,6
723,85.35894461729798,0.040313042030448,31
764,53.92410294827886,0.0010810913844946058,10
44,48.369933641852974,0.029029265359608276,44
454,46.71067645445753,0.04808729339170422,21
102,41.58050069314728,0.06788852415190239,42
216,70.36801614284427,0.07109136910692138,10
362,52.65907261623631,0.03870799760265786,23
912,97.38704241521863,0.05827379898395505,3
341,73.31733184058794,0.025316366122676612,32
826,47.9973456226486,0.027374912460692596,20
871,79.94822736705919,0.0155570815345851,10
734,92.06912685756407,0.044955848799459144,29
168,83.22041073143764,0.025165132074189217,41
33,44.433511940287964,0.006749671715080403,46
413,91.96128250917425,0.0548004869330543,34
814,86.04790437987796,0.056620256608431854,37
525,49.181626206125635,0.02879939350232463,20
741,43.003581546503376,0.006137871956481824,8
373,72.3240133682299,0.034103817392274076,7
391,49.05007705771866,0.03538683664401724,6
541,88.40627525052578,0.053493670791831434,11
161,60.783410086957076,0.02523331130069468,44
571,92.94776179472137,0.05460794238250444,18
698,72.80991398417834,0.06971908334059107,42
617,50.59499828590075,0.018998883388975988,29
626,48.096734306868406,0.07831356448959198,25
429,73.43540137834972,0.030909450970944555,21
259,84.18924948802174,0.02138069481176494,46
126,85.32732756904656,0.03372089460082324,3
875,55.99392945759431,0.007551798072308733,18
521,51.84631201690571,0.010056472520969252,24
749,40.97186566055818,0.03315472375746652,47
587,79.39355076966783,0.060995561755128005,38
344,44.44095898914526,0.07202497916595928,10
427,64.4041497024237,0.053185439257301674,27
941,74.89756551306118,0.008417564419053579,12
783,94.35231880534127,0.05376158097444281,7
304,58.08452394343458,0.05083423365623776,17
947,54.48678542189815,0.0644611134634665,1
764,77.94128894859371,0.06601989333217448,26
380,75.91586385910773,0.06945624606231832,15
195,59.262367431871226,0.03313052116632787,33
255,93.82990645956762,0.05582915162817154,37
646,89.0020149943987,0.02146002871378486,47
277,52.99098766017471,0.07994690239868034,31
652,53.870267635202346,0.014026739310148795,35
246,69.71342011945067,0.0008091545328668648,1
539,84.86718190038178,0.011904697161454082,8
561,42.55434200453094,0.06206978316353014,12
30,80.21343891661299,0.03574269412065692,19
920,77.59768204816163,0.035800019824834266,25
746,53.42584556295332,0.07640183356893349,32
876,79.51847476799823,0.07357079264224595,12
803,94.5306250926208,0.024895579024320737,13
529,42.71357900836257,0.016724650302469293,28
109,58.539819206939626,0.06787857679469918,1
761,65.4142495666486,0.07248152568354906,6
487,92.157100817632,0.043327753823878955,8
608,95.81116390333109,0.05035389688936804,4
307,65.75868429678727,0.020553142775383473,5
949,83.5016479042471,0.06406421503828197,25
535,70.83633937834001,0.05056979427592185,22
343,71.19141021499983,0.04028108090383973,28
11,56.129771873848675,0.004808684486271666,39
384,52.58346226010501,0.0732747970008923,23
302,56.704310063594384,0.04923611363075248,4
846,72.2670244209106,0.015415287575437437,4
